REGIAO:;SE
UF:;ES
ESTACAO:;VITORIA
CODIGO (WMO):;A612
LATITUDE:;-20,27083332
LONGITUDE:;-40,30583333
ALTITUDE:;9
DATA DE FUNDACAO:;31/10/06
Data;Hora UTC;PRECIPITAÇÃO TOTAL, HORÁRIO (mm);PRESSAO ATMOSFERICA AO NIVEL DA ESTACAO, HORARIA (mB);PRESSÃO ATMOSFERICA MAX.NA HORA ANT. (AUT) (mB);PRESSÃO ATMOSFERICA MIN. NA HORA ANT. (AUT) (mB);RADIACAO GLOBAL (Kj/m²);TEMPERATURA DO AR - BULBO SECO, HORARIA (°C);TEMPERATURA DO PONTO DE ORVALHO (°C);TEMPERATURA MÁXIMA NA HORA ANT. (AUT) (°C);TEMPERATURA MÍNIMA NA HORA ANT. (AUT) (°C);TEMPERATURA ORVALHO MAX. NA HORA ANT. (AUT) (°C);TEMPERATURA ORVALHO MIN. NA HORA ANT. (AUT) (°C);UMIDADE REL. MAX. NA HORA ANT. (AUT) (%);UMIDADE REL. MIN. NA HORA ANT. (AUT) (%);UMIDADE RELATIVA DO AR, HORARIA (%);VENTO, DIREÇÃO HORARIA (gr) (° (gr));VENTO, RAJADA MAXIMA (m/s);VENTO, VELOCIDADE HORARIA (m/s);
2022/01/01;0000 UTC;0;1012,3;1012,3;1011,9;;25,1;22,7;25,2;24,6;23,1;22,5;91;86;86;9;5,6;1,7;
2022/01/01;0100 UTC;0;1012,7;1012,8;1012,3;;24,9;22,9;25,1;24,7;22,9;22,6;89;86;89;357;5,3;1,4;
2022/01/01;0200 UTC;0;1012,3;1012,7;1012,3;;25;22,8;25,1;24,8;22,9;22,8;89;88;88;12;5,5;1,8;
2022/01/01;0300 UTC;0;1011,9;1012,3;1011,9;;25,1;22,8;25,1;24,8;22,9;22,7;88;87;87;2;5,3;1,6;
2022/01/01;0400 UTC;0;1011,3;1011,9;1011,3;;24,9;22,7;25,3;24,9;22,9;22,7;88;86;88;13;6,2;1,9;
2022/01/01;0500 UTC;0;1010,8;1011,3;1010,8;;24,7;22,7;24,9;24,7;22,8;22,7;88;88;88;21;5,9;2;
2022/01/01;0600 UTC;0;1010,7;1010,8;1010,7;;24,6;22,7;24,9;24,6;22,8;22,6;89;88;89;8;5,9;1,4;
2022/01/01;0700 UTC;,2;1011,1;1011,1;1010,7;;24,4;22,9;24,6;24,1;22,9;22,6;91;89;91;26;5,9;1,7;
2022/01/01;0800 UTC;0;1011,5;1011,5;1011,1;;24,7;22,1;24,8;24,4;22,9;22,1;91;86;86;360;6,7;1,4;
2022/01/01;0900 UTC;0;1012,1;1012,1;1011,5;66,5;24,5;22;24,8;24,3;22,2;21,8;87;85;86;18;5,7;,7;
2022/01/01;1000 UTC;0;1012,6;1012,6;1012,1;805,4;27,8;21,2;28,1;24,5;22,3;21,2;86;67;67;344;6,5;1,8;
2022/01/01;1100 UTC;0;1013,2;1013,2;1012,6;1033,1;27;21,3;27,9;26,9;21,8;20,8;72;66;71;352;6,5;1,4;
2022/01/01;1200 UTC;0;1013,3;1013,3;1013,1;1088,6;27,3;21,1;27,7;27;21,9;20,9;73;69;69;356;5,6;2,1;
2022/01/01;1300 UTC;0;1013,3;1013,4;1013,2;823,2;27,2;21,2;27,6;27,2;22,1;21,2;73;69;70;6;5,8;1,7;
2022/01/01;1400 UTC;0;1013,1;1013,3;1013,1;612,8;27,3;22,2;27,3;26,8;22,3;21,2;76;70;74;342;4,9;,9;
2022/01/01;1500 UTC;0;1012,6;1013,1;1012,6;903,7;28,5;21,6;28,5;27,3;22,8;21,5;74;66;66;8;3,2;1,2;
2022/01/01;1600 UTC;,2;1012;1012,6;1012;1502,5;27,9;21,8;29,6;27,9;22,5;21,4;70;62;69;48;6,6;2,4;
2022/01/01;1700 UTC;0;1011,4;1012;1011,4;1481;28,8;22,2;28,8;27,9;22,7;21,9;72;68;68;39;6;2,4;
2022/01/01;1800 UTC;0;1010,7;1011,4;1010,6;1761,6;29,8;22,2;29,8;28,5;22,8;21,5;70;64;64;28;8,6;2,7;
2022/01/01;1900 UTC;0;1010,2;1010,7;1010,2;1736,9;28,4;21,9;29,8;28,3;22,5;21,5;68;63;68;29;10,3;3,4;
2022/01/01;2000 UTC;0;1010,5;1010,5;1010,2;504,1;27,1;21,8;28,4;27;22,1;21,7;74;68;73;26;8,7;2,9;
2022/01/01;2100 UTC;0;1011,2;1011,3;1010,5;184,2;26,3;21,7;27,1;26,3;21,9;21,6;76;73;76;18;7,6;2,3;
2022/01/01;2200 UTC;0;1012;1012;1011,2;6,5;25,9;21,6;26,3;25,8;21,9;21,6;79;76;77;25;7,6;1,8;
2022/01/01;2300 UTC;0;1013,1;1013,1;1012;;25,2;21,6;26;25,2;21,7;21,5;81;77;81;318;4,5;1,1;
2022/01/02;0000 UTC;;;;;;;;;;;;;;;;;;
2022/01/02;0100 UTC;0;1014,1;1014,2;1013,8;;24,5;21,6;24,8;24,5;21,8;21,5;84;83;84;336;2,2;,6;
2022/01/02;0200 UTC;0;1013,7;1014,1;1013,7;;25,2;21,7;25,2;24,5;21,8;21,6;84;81;81;353;3,6;1,1;
2022/01/02;0300 UTC;0;1013,2;1013,7;1013,2;;25,3;21,8;25,3;25;21,9;21,6;83;81;81;4;4,8;1,4;
2022/01/02;0400 UTC;0;1013;1013,2;1013;;25,1;21,7;25,4;25,1;21,9;21,7;82;80;82;5;4,3;1;
2022/01/02;0500 UTC;0;1012,7;1013;1012,7;;25,3;21,3;25,4;25;21,7;21,3;82;79;79;4;5,8;1,3;
2022/01/02;0600 UTC;0;1012,6;1012,7;1012,6;;25,2;21,4;25,5;25,1;21,4;21,1;80;77;80;356;5,1;1,2;
2022/01/02;0700 UTC;0;1012,5;1012,7;1012,5;;25;21,4;25,4;24,9;21,4;21,2;81;78;81;343;6,2;1,1;
2022/01/02;0800 UTC;0;1012,8;1012,9;1012,5;;24,3;21,3;25;24,3;21,4;21,2;83;81;83;341;3,6;,9;
2022/01/02;0900 UTC;0;1013,6;1013,6;1012,8;149,3;25,2;21,9;25,2;24,2;21,9;21,2;85;82;82;335;2,8;,9;
2022/01/02;1000 UTC;0;1014,2;1014,2;1013,6;573,3;26,6;21;26,8;25,2;22;20,9;82;71;71;343;3,6;1,3;
2022/01/02;1100 UTC;0;1014,6;1014,6;1014,2;1316,1;28,5;21,4;29,3;26,4;21,9;20,2;74;60;66;15;5,7;2;
2022/01/02;1200 UTC;0;1014,7;1014,8;1014,6;1748;29,2;20,8;29,2;28,4;21,5;20,4;66;61;61;348;6,1;2;
2022/01/02;1300 UTC;0;1014,5;1014,7;1014,5;1572;30,3;21;30,3;28,3;21,5;19,7;64;57;58;358;6;2,1;
2022/01/02;1400 UTC;0;1013,9;1014,5;1013,9;1839,6;29,7;19,2;31,1;29,2;21,8;19,2;61;53;53;349;8,7;1,9;
2022/01/02;1500 UTC;0;1013,3;1013,9;1013,3;1356,3;29,3;20,4;29,8;29,2;20,8;19,4;60;53;59;357;6,2;1,8;
2022/01/02;1600 UTC;0;1012,8;1013,3;1012,8;1424;28,1;20,7;29,5;28,1;21,4;20,2;65;58;64;39;6,8;3;
2022/01/02;1700 UTC;0;1011,7;1012,8;1011,7;2032,5;29,6;21,5;30,1;28,1;22,1;20,6;65;58;62;30;6,8;1,9;
2022/01/02;1800 UTC;0;1011;1011,7;1011;1986,3;29,4;20,5;30,3;29,1;21,6;20,3;62;58;59;43;8,1;3,2;
2022/01/02;1900 UTC;0;1010,4;1011;1010,4;1003,2;28,6;19,6;29,5;28,6;20,6;19,3;61;57;58;30;8,1;2,9;
2022/01/02;2000 UTC;0;1010,9;1010,9;1010,4;578,3;27,3;20,6;28,7;27,2;20,6;19,5;67;58;67;33;8;3,3;
2022/01/02;2100 UTC;0;1011,3;1011,3;1010,9;383,2;26,7;20,8;27,6;26,7;21,1;20,6;70;66;70;30;8,7;3;
2022/01/02;2200 UTC;0;1011,9;1011,9;1011,3;11,2;25,9;21,4;26,7;25,8;21,4;20,9;77;70;77;33;7,7;3;
2022/01/02;2300 UTC;0;1012,9;1012,9;1011,9;;25,7;21,6;25,9;25,6;21,7;21,5;79;77;78;19;8,4;2,3;
2022/01/03;0000 UTC;0;1013,8;1013,8;1012,9;;25,5;22;25,7;25,4;22;21,6;81;78;81;4;7,2;2,1;
2022/01/03;0100 UTC;0;1014,2;1014,4;1013,8;;24,7;21,8;25,5;24,7;22;21,8;84;81;84;351;6,2;1,1;
2022/01/03;0200 UTC;0;1014;1014,3;1013,9;;24,1;22;24,7;24;22;21,7;88;84;88;343;3;,8;
2022/01/03;0300 UTC;0;1013,6;1014;1013,6;;24,8;22;24,8;24;22,2;21,9;88;84;84;3;4,4;1,4;
2022/01/03;0400 UTC;0;1013,3;1013,6;1013,2;;24,5;21,9;24,9;24,4;22;21,8;85;84;85;358;5;1,1;
2022/01/03;0500 UTC;0;1012,9;1013,3;1012,9;;24,5;21,5;24,8;24,5;21,9;21,5;85;83;83;354;4,3;1,1;
2022/01/03;0600 UTC;0;1012,7;1012,9;1012,6;;24,6;21,3;24,7;24,4;21,6;21,3;84;82;82;8;5,6;1,3;
2022/01/03;0700 UTC;0;1013;1013;1012,7;;24,6;21,2;24,6;24,3;21,3;21,1;83;81;82;357;4,5;1,2;
2022/01/03;0800 UTC;0;1013,4;1013,4;1013;;24,8;21,3;24,9;24,5;21,3;21,1;82;80;81;7;4,9;1,3;
2022/01/03;0900 UTC;0;1014,1;1014,1;1013,4;52,1;24,9;21,6;24,9;24,7;21,6;21,3;82;81;82;333;3,9;1;
2022/01/03;1000 UTC;0;1014,3;1014,3;1014,1;199,2;25,5;22;25,5;24,9;22;21,6;82;81;81;341;3,3;1,2;
2022/01/03;1100 UTC;0;1014,6;1014,6;1014,2;402,1;26,3;21,8;26,3;25,5;22;21,4;81;76;76;338;4,4;1,1;
2022/01/03;1200 UTC;0;1014,8;1014,8;1014,6;758,1;27,4;21,4;27,4;26,3;22,1;21,1;77;69;70;345;4,7;1,3;
2022/01/03;1300 UTC;0;1014,7;1014,9;1014,7;1384,7;29,6;21,5;29,6;27,2;21,9;20,5;70;60;62;327;5,5;1,6;
2022/01/03;1400 UTC;0;1013,7;1014,7;1013,7;2403,5;30,4;19,5;31,5;29,5;22,4;19,5;62;52;52;349;5,8;2,5;
2022/01/03;1500 UTC;0;1013;1013,7;1013;2503,5;31,5;19,9;32,1;30,1;21,3;18,6;58;47;50;355;7,7;2,4;
2022/01/03;1600 UTC;0;1012,2;1013;1012,2;2900;30,7;20,2;32,7;30,6;22,5;18,9;57;47;54;349;7,5;2,1;
2022/01/03;1700 UTC;0;1011,5;1012,2;1011,4;1412,5;30,1;21,3;30,7;29,9;22,1;19,4;62;51;59;32;6,1;2,4;
2022/01/03;1800 UTC;0;1011,1;1011,5;1011;1246;28,8;21,3;30,1;28,8;21,7;21;64;59;64;51;7,8;3,2;
2022/01/03;1900 UTC;0;1010,8;1011,1;1010,8;846,1;27,8;21,3;28,8;27,8;21,8;21,2;69;64;68;36;8,2;2,6;
2022/01/03;2000 UTC;0;1010,6;1010,9;1010,6;461,1;27,2;21;27,8;27,1;21,4;20,8;69;67;69;22;8,4;2,7;
2022/01/03;2100 UTC;0;1010,8;1010,8;1010,5;192,7;26,4;21,3;27,2;26,4;21,4;20,9;74;69;73;26;8,6;2,8;
2022/01/03;2200 UTC;0;1011,3;1011,3;1010,8;10,7;26;21,5;26,4;25,9;21,7;21,2;77;73;77;32;9,3;3,2;
2022/01/03;2300 UTC;0;1012,3;1012,3;1011,3;;25,6;21,6;26;25,5;21,6;21,5;79;77;79;355;9,1;1,8;
2022/01/04;0000 UTC;0;1012,7;1012,7;1012,3;;25,2;21,6;25,6;25,2;21,6;21,5;80;79;80;1;7,1;1,9;
2022/01/04;0100 UTC;0;1013,3;1013,3;1012,7;;25;21,9;25,2;24,9;21,9;21,6;83;80;83;1;5,1;1,1;
2022/01/04;0200 UTC;0;1013,1;1013,3;1013,1;;24,9;21,9;25,1;24,8;22;21,8;84;82;84;356;4,2;1,1;
2022/01/04;0300 UTC;0;1012,3;1013,1;1012,3;;24,8;21,9;25,1;24,8;22;21,8;84;83;84;358;6,4;1;
2022/01/04;0400 UTC;0;1011,9;1012,3;1011,9;;24,6;21,6;24,9;24,6;21,9;21,6;84;82;83;346;5,6;1,4;
2022/01/04;0500 UTC;0;1011,5;1011,9;1011,5;;24,7;21,5;24,8;24,5;21,7;21,5;84;82;82;1;6,3;1,4;
2022/01/04;0600 UTC;0;1011,5;1011,5;1011,4;;24,3;21,2;24,7;24,3;21,5;21,2;83;82;83;346;4,2;1,1;
2022/01/04;0700 UTC;0;1011,6;1011,7;1011,4;;24,5;21,1;24,7;24,3;21,3;21,1;83;81;82;5;4,2;1,3;
2022/01/04;0800 UTC;0;1012,1;1012,1;1011,6;;24,3;20,9;24,5;24,1;21,2;20,9;83;81;82;355;4,6;1,5;
2022/01/04;0900 UTC;0;1012,8;1012,8;1012,1;119,6;25,3;21,2;25,3;24,2;21,3;20,9;82;78;78;3;4,7;1,5;
2022/01/04;1000 UTC;0;1013;1013;1012,7;775,9;27,2;21,2;27,3;25;21,9;21;80;70;70;8;5,7;2;
2022/01/04;1100 UTC;0;1013,1;1013,1;1012,9;1608;28,4;20,9;29,2;27,1;21,5;19,6;70;59;64;1;5,7;1,4;
2022/01/04;1200 UTC;0;1013,2;1013,2;1013;2707,3;29,8;19,6;30;28,4;20,9;19,2;64;53;54;10;7;2,5;
2022/01/04;1300 UTC;0;1012,9;1013,2;1012,9;3418,5;31,2;18,7;31,7;29,8;20,8;18,7;56;47;48;16;7,8;2,3;
2022/01/04;1400 UTC;0;1012,1;1012,9;1012,1;3671,4;32,1;19,9;32,6;30,8;20,2;18,3;51;45;49;9;7,9;2,5;
2022/01/04;1500 UTC;0;1011,8;1012,1;1011,8;3696,9;29,7;20,8;32,1;29,7;21,6;19,4;60;47;59;55;9,4;4,6;
2022/01/04;1600 UTC;0;1011,3;1011,8;1011,3;3738,6;29,7;20,6;31,1;29,6;22,1;20,3;62;55;58;37;9,5;3,5;
2022/01/04;1700 UTC;0;1010,7;1011,3;1010,7;3535,3;30,1;20,1;30,6;29,7;21,3;19,8;60;53;55;38;10,6;4;
2022/01/04;1800 UTC;0;1010;1010,7;1010;2991,7;29,2;20,1;30,7;29,2;20,5;19,2;58;52;58;41;11,8;4,9;
2022/01/04;1900 UTC;0;1009,7;1010,1;1009,7;2219,4;28,7;20,3;29,4;28,5;20,9;20;64;57;61;36;10,9;4;
2022/01/04;2000 UTC;0;1009,8;1009,9;1009,6;1194,5;27,4;20,9;29;27,4;21,3;20,3;68;61;68;38;10;3,3;
2022/01/04;2100 UTC;0;1009,9;1010;1009,8;164,1;26,5;21,3;27,4;26,5;21,3;20,9;73;68;73;25;10,8;2,2;
2022/01/04;2200 UTC;0;1010,2;1010,3;1009,9;6,4;25,9;21,4;26,5;25,9;21,4;21,3;76;73;76;16;9,1;2,2;
2022/01/04;2300 UTC;0;1011,2;1011,2;1010,2;;25,6;21,2;25,9;25,4;21,4;21,2;78;76;77;11;7,2;2;
2022/01/05;0000 UTC;0;1011,8;1011,8;1011,2;;25,2;21,5;25,6;25;21,5;21,1;80;77;80;1;5,7;1,6;
2022/01/05;0100 UTC;0;1012,3;1012,3;1011,8;;24,6;21,7;25,2;24,6;21,7;21,4;84;80;84;349;5,1;1,1;
2022/01/05;0200 UTC;0;1012,2;1012,3;1012,2;;24,9;21,8;24,9;24,6;21,8;21,7;84;83;83;350;3,4;1,1;
2022/01/05;0300 UTC;0;1011,6;1012,2;1011,6;;25,1;21,4;25,1;24,9;21,8;21,4;83;80;80;340;4,9;1,5;
2022/01/05;0400 UTC;0;1010,9;1011,6;1010,9;;24,7;21,2;25,2;24,7;21,5;21,1;81;79;81;349;4,7;1,5;
2022/01/05;0500 UTC;0;1010,6;1010,9;1010,6;;24,7;20,9;24,8;24,5;21,2;20,9;82;80;80;350;5,7;1,7;
2022/01/05;0600 UTC;0;1010,2;1010,6;1010,2;;24,2;20,5;24,7;24,2;20,9;20,5;80;79;80;353;4,4;1;
2022/01/05;0700 UTC;0;1010,3;1010,3;1010,2;;23;20,5;24,3;23;20,6;20,4;86;80;86;339;2,8;,7;
2022/01/05;0800 UTC;0;1010,5;1010,5;1010,3;;23,4;20,9;23,4;22,7;21;20,5;88;86;86;353;3,3;1,1;
2022/01/05;0900 UTC;0;1010,9;1010,9;1010,5;217,8;25,9;20,9;25,9;23,4;20,9;20,4;86;74;74;344;5,1;1,4;
2022/01/05;1000 UTC;0;1010,9;1011;1010,8;968,7;27,8;20,8;27,8;25,9;21;20,2;74;64;66;330;6,5;1,9;
2022/01/05;1100 UTC;0;1011,2;1011,2;1010,8;1206,1;27,7;19,8;28,2;27,5;20,9;19,6;66;61;62;348;6,6;1,7;
2022/01/05;1200 UTC;0;1011,4;1011,4;1011,1;2381,7;30;20,5;30;27,7;20,5;19,1;63;53;57;335;7,5;2,4;
2022/01/05;1300 UTC;0;1011,1;1011,4;1011,1;2710,2;31,3;19,4;31,4;29,2;20,8;18,8;58;49;49;350;8,5;2,5;
2022/01/05;1400 UTC;0;1010,4;1011,2;1010,4;2758,8;31,4;18,9;32,7;30,4;21,4;18,6;54;45;47;320;8,6;3,9;
2022/01/05;1500 UTC;0;1010;1010,4;1010;3240,8;33,6;19;33,7;31;20,6;18,4;52;41;42;343;8,6;2,4;
2022/01/05;1600 UTC;0;1009,2;1010;1009,2;3506,6;33,3;18,6;33,8;32,7;19,8;17,3;46;39;42;6;10,2;2,8;
2022/01/05;1700 UTC;0;1008,1;1009,2;1008,1;2897,1;32,4;20;33,7;32,2;20,9;17,3;49;39;48;41;8,8;3,6;
2022/01/05;1800 UTC;0;1007,6;1008,2;1007,6;2881,9;30,6;20;32,7;30,6;20,5;19,3;54;48;53;43;10;4,3;
2022/01/05;1900 UTC;0;1007,4;1007,7;1007,3;2365,2;29,4;20,7;31;29,4;21,1;20,1;59;53;59;49;10,5;4;
2022/01/05;2000 UTC;0;1007,5;1007,6;1007,4;998,6;27,9;21,3;29,5;27,9;21,4;20,5;67;59;67;23;10,6;4,5;
2022/01/05;2100 UTC;0;1007,8;1007,8;1007,5;212,6;26,8;21,5;28;26,8;21,5;21,2;73;67;72;26;10,4;2,9;
2022/01/05;2200 UTC;0;1008,6;1008,6;1007,8;8,2;26,4;21,3;26,9;26,4;21,5;21,3;74;72;74;16;10;2,7;
2022/01/05;2300 UTC;0;1009,1;1009,1;1008,6;;26,1;21,1;26,4;25,7;21,4;21,1;76;74;74;352;7,3;1,7;
2022/01/06;0000 UTC;0;1009,4;1009,4;1009;;26,3;21;26,5;26,1;21,1;20,9;74;72;73;7;7,7;2,2;
2022/01/06;0100 UTC;0;1009,8;1010;1009,4;;26;21,1;26,3;25,8;21,1;21;75;73;74;360;9;2,7;
2022/01/06;0200 UTC;0;1009,7;1009,9;1009,7;;25,9;20,8;26,1;25,6;21,1;20,8;76;74;74;357;9;1,7;
2022/01/06;0300 UTC;0;1009,2;1009,7;1009,2;;25,6;20,4;25,9;25,6;20,9;20,4;75;73;73;354;5,6;1,2;
2022/01/06;0400 UTC;0;1008,8;1009,2;1008,8;;25,8;19,8;25,8;25,5;20,5;19,8;74;70;70;346;6,4;1,8;
2022/01/06;0500 UTC;0;1008,3;1008,8;1008,3;;25,6;19,6;26;25,5;19,9;19,4;70;67;69;358;6,4;1,6;
2022/01/06;0600 UTC;0;1008,3;1008,3;1008,1;;25,4;19,3;25,7;25,3;19,6;19,2;70;68;69;1;6,7;1,8;
2022/01/06;0700 UTC;0;1008,4;1008,4;1008,2;;24,7;19,5;25,4;24,7;19,6;19,2;73;69;73;351;5,8;1,2;
2022/01/06;0800 UTC;0;1008,9;1008,9;1008,4;;25;19,1;25;24,5;19,6;19,1;74;70;70;353;4,3;1,4;
2022/01/06;0900 UTC;0;1009,4;1009,4;1008,9;194;26,2;19,3;26,2;25;19,3;19;70;65;66;18;4,7;1,7;
2022/01/06;1000 UTC;0;1009,6;1009,7;1009,4;1078,4;27,4;19,5;27,8;26,2;20,3;19,2;67;60;62;17;6,7;1,9;
2022/01/06;1100 UTC;0;1009,7;1009,7;1009,6;1961;30,2;18,5;30,3;27,4;20,2;18,2;63;48;50;5;6,5;2,2;
2022/01/06;1200 UTC;0;1009,7;1009,8;1009,6;2470,4;30,9;18,4;31;29,9;19,8;18,1;53;47;47;14;6,8;2,5;
2022/01/06;1300 UTC;0;1009,6;1009,7;1009,6;2574,7;31,8;18,8;31,9;29,7;20,1;18,2;53;46;46;12;7,8;2,7;
2022/01/06;1400 UTC;0;1008,9;1009,6;1008,9;3201,3;33,2;20;33,2;31,5;21;18,3;51;43;46;7;8,6;2,6;
2022/01/06;1500 UTC;0;1008,4;1008,9;1008,4;3676;34,2;19,5;34,4;32,9;20,7;18,4;46;40;42;343;7,6;2,7;
2022/01/06;1600 UTC;0;1008,1;1008,5;1008,1;1877,4;32,3;20,8;34,2;32,2;21;19;51;41;51;309;8;3,3;
2022/01/06;1700 UTC;0;1007,8;1008,1;1007,8;1271,8;31,3;20,7;32,5;31,3;20,7;19,4;54;47;53;317;8,7;2,6;
2022/01/06;1800 UTC;0;1007,6;1007,8;1007,6;717,4;30,4;20,2;31,4;30,4;21,3;20,1;58;52;55;323;5,8;2,3;
2022/01/06;1900 UTC;0;1007;1007,7;1007;673,7;28,5;21,7;30,4;27,2;23;20,4;76;55;67;324;8,8;1,8;
2022/01/06;2000 UTC;0;1006,9;1007;1006,8;554;28,8;21,3;29;28,3;21,8;20,7;68;61;64;341;4,3;,7;
2022/01/06;2100 UTC;0;1007,2;1007,2;1006,9;247,8;27,7;21,1;28,8;27,7;21,2;20,5;67;62;67;50;4,3;2;
2022/01/06;2200 UTC;0;1007,6;1007,6;1007,1;19;26,7;21,5;27,7;26,7;21,5;21,1;73;67;73;355;4,8;1,3;
2022/01/06;2300 UTC;0;1008,4;1008,4;1007,6;;26,7;22;26,7;26,3;22;21,5;77;73;76;6;4,9;1,6;
2022/01/07;0000 UTC;0;1008,7;1008,7;1008,3;;26,5;21,8;26,9;26,5;22;21,8;76;74;76;358;5,3;1,7;
2022/01/07;0100 UTC;0;1009,3;1009,4;1008,7;;25,9;21,9;26,5;25,9;21,9;21,9;79;76;79;330;6,2;1,4;
2022/01/07;0200 UTC;0;1008,7;1009,3;1008,7;;26;21,8;26,1;25,4;22,1;21,7;82;77;77;22;5,2;1,6;
2022/01/07;0300 UTC;0;1008,2;1008,7;1008,2;;25,8;21,6;26;25,7;21,7;21,6;78;77;78;15;6,6;2;
2022/01/07;0400 UTC;0;1007,8;1008,2;1007,8;;25,6;21,5;25,8;25,6;21,6;21,5;78;78;78;4;6,6;1,8;
2022/01/07;0500 UTC;0;1007,8;1007,9;1007,6;;25,6;21,4;25,7;25,4;21,6;21,3;79;77;78;1;6,4;1,5;
2022/01/07;0600 UTC;,8;1008,3;1008,3;1007,8;;23,7;22,2;25,6;23,7;22,2;21,3;91;78;91;317;4,1;1,3;
2022/01/07;0700 UTC;5,6;1008;1008,5;1008;;23,6;22,4;23,7;23,6;22,4;22,2;93;91;93;30;3,6;1;
2022/01/07;0800 UTC;2,4;1008,4;1008,4;1007,8;;23,8;22,4;23,8;23,6;22,6;22,4;93;92;92;52;3,5;1,2;
2022/01/07;0900 UTC;,6;1008,6;1008,7;1008,4;16;23,5;22,3;23,8;23,5;22,4;22,3;93;92;93;359;3,3;,9;
2022/01/07;1000 UTC;,2;1008,8;1008,8;1008,6;104,7;23,8;22,7;23,8;23,5;22,7;22,3;93;93;93;340;2,7;,6;
2022/01/07;1100 UTC;,2;1009;1009;1008,8;359,8;24,6;23,4;24,7;23,8;23,5;22,6;94;93;93;328;3,1;1,3;
2022/01/07;1200 UTC;,2;1009,3;1009,3;1009;654,4;25,8;24,3;25,9;24,6;24,4;23,6;93;91;91;347;3,1;,9;
2022/01/07;1300 UTC;0;1009,2;1009,3;1009,1;1066,5;27,3;24,7;27,3;25,8;24,9;24;91;85;86;5;4,4;,9;
2022/01/07;1400 UTC;0;1009;1009,2;1008,9;1535,1;28,6;24,1;28,6;27,3;25;23,6;86;76;77;346;4,7;1,7;
2022/01/07;1500 UTC;0;1008,5;1009;1008,5;2183,4;29,3;23,2;30,2;28,6;25,1;22,8;79;67;70;11;6,5;2,1;
2022/01/07;1600 UTC;0;1008,3;1008,6;1008,3;1249,5;28,4;23,6;29,4;28,4;24,4;22,9;76;68;75;352;5,9;1,6;
2022/01/07;1700 UTC;2,6;1007,8;1008,4;1007,8;485,8;26,2;24,4;28,4;26,1;24,6;23;90;75;90;337;4,6;,5;
2022/01/07;1800 UTC;,4;1007,3;1007,8;1007,3;500,4;26,4;24,2;26,5;26;24,7;24,1;91;88;88;7;4,4;1,4;
2022/01/07;1900 UTC;0;1007,3;1007,4;1006,9;487,4;26,8;24,5;26,8;26,4;24,6;24,1;88;86;88;5;4,3;1,2;
2022/01/07;2000 UTC;,2;1007,9;1007,9;1007,3;220,6;26;24,3;26,8;26;24,5;24;90;86;90;316;4,2;1,2;
2022/01/07;2100 UTC;3,6;1008,6;1008,6;1007,9;56,2;25;23,7;26;25;24,4;23,7;92;90;92;341;2,6;,7;
2022/01/07;2200 UTC;5,6;1009,1;1009,1;1008,6;;24,3;23,1;25;24,2;23,7;23,1;93;92;93;310;2,7;1,1;
2022/01/07;2300 UTC;2,2;1009,4;1009,4;1009,1;;23,5;22,5;24,3;23,5;23,2;22,4;94;93;94;335;4;1,1;
2022/01/08;0000 UTC;,2;1009,8;1009,8;1009,3;;23,4;22,4;23,5;23,3;22,5;22,3;94;94;94;324;3,4;1;
2022/01/08;0100 UTC;0;1010,2;1010,2;1009,7;;23,7;22,7;23,7;23,4;22,7;22,4;94;94;94;216;2,5;,7;
2022/01/08;0200 UTC;2,2;1010,5;1010,6;1010,2;;23,4;22,4;23,9;23,4;22,9;22,4;94;94;94;153;2,4;,9;
2022/01/08;0300 UTC;3,8;1010,2;1010,5;1010,2;;23,1;22,1;23,4;23,1;22,3;22,1;94;94;94;198;2,5;,6;
2022/01/08;0400 UTC;3,8;1009,2;1010,2;1009,2;;23;22;23,2;23;22,2;22;94;94;94;150;1,9;,3;
2022/01/08;0500 UTC;1,4;1008,5;1009,2;1008,4;;23;22,1;23,1;23;22,2;22;94;94;94;207;1,5;,4;
2022/01/08;0600 UTC;0;1008,3;1008,5;1008,3;;22,9;22;23;22,8;22;21,9;95;94;95;133;2,2;,7;
2022/01/08;0700 UTC;0;1008,5;1008,5;1008,3;;22,8;21,9;23;22,8;22;21,9;95;94;94;319;2,2;,2;
2022/01/08;0800 UTC;0;1008,9;1008,9;1008,5;;22,9;21,9;22,9;22,8;22;21,8;94;94;94;129;,9;,2;
2022/01/08;0900 UTC;,4;1009,7;1009,7;1008,9;41;22,9;21,9;23;22,8;22;21,8;94;94;94;56;1;,3;
2022/01/08;1000 UTC;0;1010,2;1010,2;1009,7;229,6;23,7;22,7;23,8;22,9;22,8;22;94;94;94;294;1,3;,5;
2022/01/08;1100 UTC;0;1010,5;1010,5;1010,2;559;24,8;23;24,9;23,7;23,4;22,7;94;89;89;252;1,1;,2;
2022/01/08;1200 UTC;0;1010,7;1010,7;1010,5;799;26,1;23,1;26,3;24,8;23,2;22,3;89;82;84;285;1,3;,5;
2022/01/08;1300 UTC;0;1010,3;1010,7;1010,3;1734,7;26,9;22,8;27,3;25,6;23,3;22;84;76;78;109;2,9;1,2;
2022/01/08;1400 UTC;0;1009,8;1010,3;1009,8;1536,8;26,2;22;27,3;26,2;23;21,9;79;75;78;118;3;1,7;
2022/01/08;1500 UTC;0;1009,8;1009,8;1009,6;1347,2;25,9;22;26,7;25,8;22,7;21,7;81;77;79;133;3,9;1,4;
2022/01/08;1600 UTC;0;1009,2;1009,8;1009,2;1425,4;26;21,8;26,4;25;22,5;21,7;84;77;78;127;4,7;1,9;
2022/01/08;1700 UTC;0;1008,9;1009,2;1008,8;1537,6;26,5;21,3;27,1;25,7;22,5;21,3;80;72;73;150;5,5;2,3;
2022/01/08;1800 UTC;0;1009;1009;1008,7;632,2;25,1;21,7;26,8;25;22;21,3;82;73;82;164;6,5;1,8;
2022/01/08;1900 UTC;,4;1009,2;1009,2;1008,9;359;24,2;21,7;25,4;24,2;21,8;21,3;86;79;86;182;6,5;1,6;
2022/01/08;2000 UTC;,8;1010;1010;1009,1;252,4;24;22;24,2;23,7;22;21,6;89;86;88;167;5,8;1,5;
2022/01/08;2100 UTC;0;1010,4;1010,7;1010;62,2;23,5;21,3;24;23,4;22;21,3;90;88;88;178;7;2,2;
2022/01/08;2200 UTC;,4;1011,9;1011,9;1010,4;3,2;23,1;21,1;23,5;23,1;21,3;21,1;89;88;89;169;7;1,1;
2022/01/08;2300 UTC;1;1012,4;1012,4;1011,9;;22,8;21,4;23,1;22,7;21,4;21,1;92;89;92;160;4,1;1;
2022/01/09;0000 UTC;1,6;1012,4;1012,5;1012,3;;22,5;21,3;22,9;22,5;21,5;21,3;93;92;93;177;2,7;,6;
2022/01/09;0100 UTC;0;1012,8;1012,8;1012,4;;22,6;21,5;22,6;22,5;21,5;21,3;94;93;94;180;1,7;,6;
2022/01/09;0200 UTC;0;1012,2;1012,8;1012,2;;22,6;21,5;22,7;22,5;21,6;21,5;94;94;94;72;1,5;,3;
2022/01/09;0300 UTC;,2;1011,2;1012,2;1011,2;;22,6;21,6;22,7;22,4;21,7;21,4;94;94;94;130;1;,4;
2022/01/09;0400 UTC;0;1010,7;1011,3;1010,7;;22,5;21,5;22,7;22,4;21,6;21,5;94;94;94;214;1,8;,5;
2022/01/09;0500 UTC;0;1010,8;1010,9;1010,6;;22,7;21,7;22,7;22,4;21,7;21,4;94;94;94;92;1,8;,6;
2022/01/09;0600 UTC;4,2;1011;1011,7;1010,8;;22,4;21,4;22,7;22,4;21,7;21,4;94;94;94;218;2,3;,8;
2022/01/09;0700 UTC;1,8;1011,3;1011,4;1011;;22,2;21,3;22,4;22,2;21,3;21,2;94;94;94;167;1,6;,2;
2022/01/09;0800 UTC;0;1011,7;1011,9;1011,2;;22,5;21,6;22,5;22,2;21,6;21,2;95;94;95;75;1,5;,5;
2022/01/09;0900 UTC;,4;1012,5;1012,5;1011,7;35,5;22,7;21,8;22,7;22,4;21,8;21,5;95;95;95;293;1,5;,3;
2022/01/09;1000 UTC;,2;1013;1013;1012,5;104,6;23,1;22,1;23,1;22,7;22,2;21,8;95;95;95;282;1,4;,6;
2022/01/09;1100 UTC;,6;1013,4;1013,5;1013;187,8;23,5;22,5;23,5;23;22,5;22;95;95;95;196;2;,4;
2022/01/09;1200 UTC;1,2;1013,4;1013,8;1013,2;323,2;23,7;22,7;23,7;23,2;22,7;22,3;95;94;94;177;2,6;,5;
2022/01/09;1300 UTC;,4;1013,4;1013,5;1013;605;24,2;22,6;24,4;23,5;23;22,3;94;91;91;280;2,3;,8;
2022/01/09;1400 UTC;0;1013,1;1013,4;1013,1;761,8;25;22,2;25,1;24,2;23,2;21,9;92;83;85;60;1,7;,4;
2022/01/09;1500 UTC;0;1012,8;1013,2;1012,7;835,9;25,1;22,3;25,7;25;23,1;21,9;86;81;85;112;2,2;1,2;
2022/01/09;1600 UTC;,2;1012,5;1012,9;1012,3;740,3;24,6;22,1;25,3;24,5;22,8;22;88;84;86;99;3,2;1,3;
2022/01/09;1700 UTC;0;1012;1012,6;1011,9;796,9;24,9;22;25,1;24,2;22,9;21,9;88;84;84;98;3,2;1,2;
2022/01/09;1800 UTC;0;1011,4;1012,1;1011,4;1528,4;25,7;21,7;25,9;24,8;22,7;21,5;85;77;79;124;4,3;1,9;
2022/01/09;1900 UTC;0;1011;1011,4;1011;919,5;24,9;21,7;26,2;24,9;22,4;21,5;83;78;82;119;4,6;2,1;
2022/01/09;2000 UTC;0;1011,3;1011,4;1011;227,6;24,1;21,4;25;24,1;22;21,4;85;82;85;142;4,5;1,6;
2022/01/09;2100 UTC;0;1011,7;1011,7;1011,3;72;23,7;21,3;24,2;23,7;21,7;21,3;87;85;87;149;3,7;1,3;
2022/01/09;2200 UTC;0;1012,1;1012,2;1011,7;4,1;23,5;21,6;23,8;23,5;21,6;21,4;89;87;89;200;3,1;,6;
2022/01/09;2300 UTC;,2;1012,4;1012,4;1012,1;;23,1;21,7;23,5;23,1;21,8;21,6;92;89;92;208;2,2;,4;
2022/01/10;0000 UTC;0;1012,7;1012,9;1012,3;;23,2;22,1;23,3;23;22,1;21,7;93;92;93;303;1,6;,5;
2022/01/10;0100 UTC;0;1013;1013;1012,6;;23,3;22,2;23,3;23,2;22,2;22,1;94;93;94;311;1,6;,2;
2022/01/10;0200 UTC;0;1012,8;1013;1012,8;;23,3;22,2;23,4;23,2;22,4;22,2;94;94;94;316;1,1;,4;
2022/01/10;0300 UTC;0;1012;1012,8;1012;;23,3;22,3;23,3;23,2;22,3;22,2;94;94;94;317;1;,2;
2022/01/10;0400 UTC;0;1011,9;1012,1;1011,8;;23,3;22,3;23,3;23,2;22,3;22,2;94;94;94;5;,7;,2;
2022/01/10;0500 UTC;0;1011,1;1011,9;1011,1;;23,4;22,4;23,5;23,2;22,5;22,2;94;94;94;99;1,5;,8;
2022/01/10;0600 UTC;0;1011,2;1011,2;1010,9;;23,9;22,6;24;23,4;22,7;22,4;94;92;92;56;2,6;1,1;
2022/01/10;0700 UTC;,2;1011;1011,6;1011;;23,5;22,4;23,9;23,5;22,6;22,3;93;92;93;152;2,3;,5;
2022/01/10;0800 UTC;,2;1011,5;1011,5;1010,9;;23,6;22,4;23,7;23,5;22,6;22,3;93;93;93;169;2,7;,5;
2022/01/10;0900 UTC;0;1011,6;1011,7;1011,2;79,2;23,9;22,8;23,9;23,5;22,8;22,4;94;93;94;241;2,4;,9;
2022/01/10;1000 UTC;0;1011,7;1011,8;1011,4;304,3;25;22,8;25,1;23,8;23,3;22,7;94;88;88;6;6,9;1,7;
2022/01/10;1100 UTC;0;1012;1012;1011,7;925,1;26,4;22,6;26,5;24,9;23;22,5;88;79;79;348;6,3;1,7;
2022/01/10;1200 UTC;0;1011,9;1012;1011,9;1433,4;28,1;22,6;28,3;26,3;23,2;22,1;81;70;72;343;7,4;2,8;
2022/01/10;1300 UTC;0;1011,9;1012,1;1011,9;2319,3;30,6;21,9;30,7;27,8;23;21,3;72;58;60;351;9,5;2,8;
2022/01/10;1400 UTC;,2;1011,4;1011,9;1011,4;3278,8;30,3;21,6;31,9;29,7;22,8;20,2;62;53;59;2;9,4;2,5;
2022/01/10;1500 UTC;0;1010,8;1011,4;1010,8;2706,8;31,6;20,7;31,6;30,3;22,9;20,3;61;52;52;7;9,4;2,7;
2022/01/10;1600 UTC;0;1010;1010,8;1010;3269;31,7;22;32,6;31;22,6;20,5;58;51;57;33;9,9;3,2;
2022/01/10;1700 UTC;0;1009,2;1010;1009,2;2795,2;31,7;22,3;32,2;31,1;23;21,7;60;55;58;44;8,3;3,5;
2022/01/10;1800 UTC;0;1008,6;1009,2;1008,6;3096,6;30,7;22,6;32,2;30,7;23,1;22;62;56;62;35;9,2;4,2;
2022/01/10;1900 UTC;0;1008,2;1008,7;1008,1;2286,5;29,5;22,3;30,9;29,5;23,3;22,2;65;61;65;45;9,3;4,2;
2022/01/10;2000 UTC;0;1008,2;1008,2;1008,1;1368,2;28,4;22,5;29,5;28,3;22,8;22,1;70;65;70;36;9,6;3,1;
2022/01/10;2100 UTC;0;1008,5;1008,5;1008,1;82,8;26,7;22,1;28,4;26,7;22,4;22;76;70;76;34;9,2;2,8;
2022/01/10;2200 UTC;0;1009,4;1009,4;1008,5;6,9;26,1;22;26,7;26;22,1;21,9;78;76;78;1;10,2;2,1;
2022/01/10;2300 UTC;0;1010,1;1010,1;1009,4;;25,4;22,2;26,1;25,4;22,2;22;82;78;82;278;5,9;1,2;
2022/01/11;0000 UTC;0;1010,5;1010,5;1010,1;;25,6;22,1;26;25,3;22,3;22;83;80;81;322;3,2;,6;
2022/01/11;0100 UTC;0;1011,3;1011,3;1010,5;;25,8;21,9;25,8;25,5;22,2;21,8;82;79;79;348;4,3;1,5;
2022/01/11;0200 UTC;0;1011,5;1011,7;1011,3;;26,1;21,8;26,1;25,7;21,9;21,6;79;77;77;37;4,8;2,3;
2022/01/11;0300 UTC;0;1011;1011,5;1011;;25,7;21,8;26,1;25,6;21,9;21,8;80;77;79;30;6,5;2,4;
2022/01/11;0400 UTC;0;1010,4;1011;1010,4;;25,3;21,9;25,7;25,3;21,9;21,8;81;79;81;14;7,5;2;
2022/01/11;0500 UTC;0;1010,3;1010,4;1010,3;;25;21,8;25,4;24,9;21,9;21,8;83;81;83;21;8,5;1,5;
2022/01/11;0600 UTC;0;1010,1;1010,3;1010;;24,6;21,6;25;24,6;21,9;21,6;83;82;83;8;7,1;1,6;
2022/01/11;0700 UTC;0;1010,3;1010,3;1010,1;;24,4;21,6;24,7;24,2;21,7;21,4;85;83;84;45;5,6;1,7;
2022/01/11;0800 UTC;0;1010,6;1010,6;1010,3;;23,9;21,4;24,5;23,9;21,6;21,3;86;84;86;26;4,4;1,1;
2022/01/11;0900 UTC;0;1010,9;1010,9;1010,6;111,2;24,8;21,6;24,8;23,8;21,8;21,4;87;83;83;18;6;2,4;
2022/01/11;1000 UTC;0;1010,9;1011;1010,8;855,8;27;21,6;27;24,8;22,1;21,5;82;72;72;20;7;1,4;
2022/01/11;1100 UTC;0;1011,1;1011,1;1010,8;1728,5;29,9;21,5;30;27;22,8;21,4;73;61;61;345;4,4;1,6;
2022/01/11;1200 UTC;0;1011,3;1011,3;1011,1;2563,3;30,8;21,2;31;29,5;22,8;21,2;65;56;57;348;6;2,1;
2022/01/11;1300 UTC;0;1011,1;1011,3;1011,1;3181,9;32,1;21,9;32,2;30,5;23,3;21,1;61;55;55;359;6,7;2,2;
2022/01/11;1400 UTC;0;1010,7;1011,2;1010,7;3497,1;32,9;21,5;33,1;31,4;23,4;21,1;58;51;51;8;7,5;2,4;
2022/01/11;1500 UTC;0;1010,2;1010,7;1010,1;3844,4;32,6;21,8;33,7;32,6;22,6;21,1;55;48;53;61;7,6;3,7;
2022/01/11;1600 UTC;0;1009,6;1010,2;1009,6;3702,6;32;22,1;33,4;32;22,9;21,3;57;50;56;53;8,7;4;
2022/01/11;1700 UTC;0;1008,9;1009,6;1008,9;3517,7;30,9;22,3;32,4;30,8;22,9;21,8;61;54;60;48;11;4,3;
2022/01/11;1800 UTC;0;1008,3;1008,9;1008,3;2994,9;29,9;22,4;31,1;29,8;23;22,2;65;60;64;47;11,7;4,6;
2022/01/11;1900 UTC;0;1008;1008,3;1007,9;2237,1;29,3;22,2;30,3;29,2;22,7;22;66;63;66;44;11,2;3,2;
2022/01/11;2000 UTC;0;1008,5;1008,5;1007,9;1350,1;28,2;22;29,4;28,1;22,5;21,9;70;65;69;35;12,3;3,7;
2022/01/11;2100 UTC;0;1009,4;1009,4;1008,5;229,1;26,9;21,6;28,2;26,9;22,1;21,6;73;69;73;10;10,1;2,2;
2022/01/11;2200 UTC;0;1010,4;1010,4;1009,4;6,7;26,5;21,6;26,9;26,3;21,8;21,5;76;73;75;26;5,6;2,6;
2022/01/11;2300 UTC;0;1011,6;1011,6;1010,4;;26,3;21,8;26,7;26,2;21,9;21,6;76;75;76;342;5,9;,9;
2022/01/12;0000 UTC;0;1012,3;1012,3;1011,6;;26;21,5;26,4;25,9;21,9;21,4;78;75;76;355;5,3;1,4;
2022/01/12;0100 UTC;0;1012,6;1012,8;1012,3;;26,2;20,9;26,3;25,8;21,6;20,9;77;72;72;341;8,3;2;
2022/01/12;0200 UTC;0;1012,6;1012,9;1012,5;;25,3;20,6;26,4;25;20,9;20,6;78;71;76;320;7,1;,7;
2022/01/12;0300 UTC;0;1012,1;1012,7;1012;;24,9;20,8;25,3;24,5;21;20,6;80;76;78;334;3,5;1,3;
2022/01/12;0400 UTC;0;1011,7;1012,1;1011,7;;25,4;20,9;25,7;24,9;20,9;20,6;78;74;76;355;5,1;1,1;
2022/01/12;0500 UTC;0;1011,2;1011,7;1011,2;;25,2;20,6;25,5;25,1;20,9;20,5;77;74;76;343;5,2;1,6;
2022/01/12;0600 UTC;0;1011,3;1011,3;1011,1;;24,6;20,6;25,2;24,5;20,6;20,5;79;76;78;353;4,4;1,2;
2022/01/12;0700 UTC;0;1011,2;1011,4;1011,1;;24,8;20,4;25;24,5;20,6;20,4;78;76;77;23;6,8;3;
2022/01/12;0800 UTC;0;1012;1012,1;1011,2;;23,9;20,6;24,8;23,8;20,6;20,4;82;77;82;338;6,8;1,2;
2022/01/12;0900 UTC;0;1012,6;1012,6;1012;119,3;25;20,9;25;23,9;20,9;20,5;82;78;78;339;5,7;1,2;
2022/01/12;1000 UTC;0;1012,9;1012,9;1012,5;861,3;27,2;21,4;27,2;25;21,4;20,6;78;70;71;354;4,9;1,6;
2022/01/12;1100 UTC;0;1012,9;1013;1012,8;1754,9;29;21,4;29,1;27,2;21,9;21;71;63;63;8;5,3;1,8;
2022/01/12;1200 UTC;0;1012,8;1013,1;1012,8;2577,5;31,1;21,8;31,1;29;22,5;20,9;65;58;58;1;5,3;1,9;
2022/01/12;1300 UTC;0;1012,5;1012,8;1012,5;3216,3;32,7;22,7;32,9;30,7;22,8;21,4;61;52;56;357;5,8;1,7;
2022/01/12;1400 UTC;0;1012,1;1012,5;1012,1;3632,8;33,5;21,7;33,6;32,5;23,3;21;57;48;50;9;7,3;2,7;
2022/01/12;1500 UTC;0;1011,5;1012,1;1011,4;3748,3;34,5;19,2;34,8;33,4;21,9;18,7;50;39;40;13;8,9;3,1;
2022/01/12;1600 UTC;0;1011,1;1011,5;1011,1;3776,4;33;21,8;35,1;32,8;21,8;18,2;53;37;52;56;9,2;3,6;
2022/01/12;1700 UTC;0;1010,8;1011,1;1010,7;3584,3;31,7;21,2;33,6;31,7;22,3;21,1;54;50;54;58;9,5;4,2;
2022/01/12;1800 UTC;0;1010,4;1010,8;1010,4;3034,6;31,5;21,7;32,5;31,3;22,5;21;58;53;56;29;10,2;3,2;
2022/01/12;1900 UTC;0;1010,1;1010,4;1010;2297,4;30,3;21,7;31,7;30,2;22,2;21,3;62;55;60;36;11,6;3;
2022/01/12;2000 UTC;0;1010,2;1010,2;1010;1422;29,2;21,3;30,4;29,1;21,7;21,1;63;59;63;37;9,5;2,8;
2022/01/12;2100 UTC;0;1010,6;1010,6;1010,2;247,3;27,3;20,7;29,3;27,3;21,5;20,7;67;62;67;23;8,3;2,7;
2022/01/12;2200 UTC;0;1011,7;1011,7;1010,6;7;26;20,8;27,3;25,9;20,8;20,6;73;67;73;351;7;1,5;
2022/01/12;2300 UTC;0;1012,4;1012,4;1011,7;;26,4;20,6;26,5;25,8;20,9;20,6;74;70;70;24;6,7;1,9;
2022/01/13;0000 UTC;0;1013,1;1013,1;1012,4;;26,3;19,5;26,4;25,2;20,9;19,5;75;67;67;20;6,7;2;
2022/01/13;0100 UTC;0;1013,8;1013,8;1013,1;;24,8;18,1;26,3;24,8;19,6;17,7;70;60;66;335;7,4;,9;
2022/01/13;0200 UTC;0;1013,7;1013,9;1013,7;;23,6;18,8;24,8;22,9;19;18;78;66;75;3;2,7;,7;
2022/01/13;0300 UTC;0;1013,7;1013,8;1013,6;;24,3;18;24,8;23,5;18,7;17,9;75;66;68;11;4,1;1,2;
2022/01/13;0400 UTC;0;1013,9;1013,9;1013,7;;24,4;18,9;25,1;24,3;19,2;17,8;72;64;72;347;5,5;1,4;
2022/01/13;0500 UTC;0;1013,7;1014;1013,7;;24;20;24,8;24;20,1;18,8;78;71;78;343;5,1;1,4;
2022/01/13;0600 UTC;0;1013,9;1013,9;1013,7;;23,1;20;24,1;23,1;20,2;19,9;83;78;83;334;5,5;1,1;
2022/01/13;0700 UTC;0;1014,5;1014,5;1013,9;;21,4;19,7;23,1;21,4;20;19,7;90;83;90;329;3,6;,3;
2022/01/13;0800 UTC;0;1015,3;1015,3;1014,5;;20,8;19,5;21,4;20,8;19,8;19,5;93;90;93;57;1,4;,3;
2022/01/13;0900 UTC;0;1015,9;1015,9;1015,3;130,4;22,7;21,4;22,7;20,6;21,4;19,3;93;92;92;313;1,7;,6;
2022/01/13;1000 UTC;0;1016,3;1016,3;1015,9;891,4;27;20,6;27;22,8;21,7;19,9;92;66;68;319;3,2;1,2;
2022/01/13;1100 UTC;0;1016,6;1016,6;1016,2;1797,7;29,4;21,3;29,4;26,9;21,3;18,7;69;55;62;333;5,1;1;
2022/01/13;1200 UTC;0;1016,8;1016,9;1016,6;2638,8;29,7;18,2;30,4;29;20,2;18;61;48;50;352;4,3;1,7;
2022/01/13;1300 UTC;0;1016,6;1016,8;1016,6;3244,7;31,2;18;31,8;29,7;20,7;17,8;55;44;45;14;4,6;1,6;
2022/01/13;1400 UTC;0;1016,2;1016,7;1016,2;3473,2;32,6;18,9;32,7;31,1;20,7;17,6;52;42;44;329;4,8;1,6;
2022/01/13;1500 UTC;0;1015,8;1016,2;1015,8;3337,9;33,4;18,9;33,7;32,2;19,4;15;45;34;42;5;6,1;2,2;
2022/01/13;1600 UTC;0;1015,5;1015,8;1015,4;3765,9;31,6;20,6;33,5;31,6;21,9;17,4;52;38;52;44;6,5;2,8;
2022/01/13;1700 UTC;0;1015,2;1015,5;1015,1;3690,6;31;20;32,1;30,8;21,5;19,6;54;50;52;65;7,4;3,3;
2022/01/13;1800 UTC;0;1014,8;1015,2;1014,8;3146,4;31,2;20;31,6;30,7;20,5;19,2;54;49;52;58;7;3;
2022/01/13;1900 UTC;0;1014,9;1014,9;1014,7;2390,1;30,2;18,4;31,3;30,1;20;18,4;53;49;49;57;6,7;2,7;
2022/01/13;2000 UTC;0;1015,1;1015,1;1014,8;1487,1;28,9;18,3;30,4;28,8;19,2;18,1;54;49;53;59;7,7;3,4;
2022/01/13;2100 UTC;0;1015,7;1015,7;1015,1;248,6;27,4;20;28,9;27,4;20;17,6;64;52;64;57;7,7;2,4;
2022/01/13;2200 UTC;0;1016,6;1016,6;1015,7;7,4;25,8;21,2;27,4;25,8;21,3;19,9;76;64;76;24;7;1,3;
2022/01/13;2300 UTC;0;1017,4;1017,4;1016,6;;25,5;21,4;25,9;25,3;21,5;21,2;79;76;78;13;5,5;1,7;
2022/01/14;0000 UTC;0;1018;1018;1017,4;;24,2;21,3;25,6;24,2;21,5;21,3;84;78;84;340;4,7;,6;
2022/01/14;0100 UTC;0;1018,4;1018,4;1018;;24,1;21,3;24,3;23,7;21,7;21,2;87;84;85;1;2,7;1;
2022/01/14;0200 UTC;0;1018,5;1018,6;1018,4;;23,4;21,4;24,1;22,9;21,9;21,1;91;85;89;343;2,9;,6;
2022/01/14;0300 UTC;0;1018,1;1018,5;1018,1;;23,4;21,3;23,8;23;21,9;21,2;90;88;88;345;2,5;,7;
2022/01/14;0400 UTC;0;1017,8;1018,1;1017,8;;22,1;20,8;23,4;22,1;21,2;20,7;92;88;92;331;2,3;,6;
2022/01/14;0500 UTC;0;1017,9;1018;1017,8;;21,9;20,7;22,5;21,8;21,2;20,7;93;92;93;314;2,2;,4;
2022/01/14;0600 UTC;0;1017,9;1017,9;1017,8;;21,5;20,5;22;21,5;20,9;20,5;94;93;94;283;,9;,3;
2022/01/14;0700 UTC;0;1017,8;1018;1017,7;;21,5;20,5;21,5;21,2;20,6;20,2;94;94;94;292;1,4;,8;
2022/01/14;0800 UTC;0;1018,2;1018,2;1017,8;;21,4;20,5;21,6;21,2;20,6;20,3;95;94;95;314;1,6;,6;
2022/01/14;0900 UTC;0;1018,8;1018,8;1018,2;53,3;22;21,1;22;21,4;21,1;20,5;95;95;95;324;2,2;1;
2022/01/14;1000 UTC;0;1019;1019,1;1018,8;787,9;25,4;22,3;25,4;22;24,2;21,1;95;83;83;318;4,1;1,9;
2022/01/14;1100 UTC;0;1019,2;1019,3;1019;1285,1;27,4;21,2;27,8;25,4;22,4;20,6;83;68;69;300;5,3;1,7;
2022/01/14;1200 UTC;0;1019,3;1019,3;1019,2;2760,2;30;20,2;30;27,3;22,7;19,5;70;56;56;329;5,6;2,3;
2022/01/14;1300 UTC;0;1019,1;1019,3;1019,1;2603,2;31;19,5;31;29,3;20,6;18,4;57;50;51;3;5,1;1,7;
2022/01/14;1400 UTC;0;1018,8;1019,1;1018,8;2926,3;30,5;18,2;32,1;30,1;20,3;17,2;53;43;48;16;6,3;2,2;
2022/01/14;1500 UTC;0;1018,6;1018,9;1018,6;3712,3;30,4;18,2;31,4;30,4;19,9;17,9;52;45;48;89;8;3,8;
2022/01/14;1600 UTC;0;1018,1;1018,6;1018,1;3834,2;30,8;17,2;31,2;29,9;18,8;17,2;49;44;44;90;8;3,1;
2022/01/14;1700 UTC;0;1018;1018,2;1018;3562,2;29,8;18,5;31,1;29;18,6;16,5;52;43;51;105;7,7;3,8;
2022/01/14;1800 UTC;0;1017,8;1018;1017,7;3056,7;29,3;18,4;30,3;29,1;18,5;16,2;52;44;52;95;7,7;3,3;
2022/01/14;1900 UTC;0;1017,6;1017,8;1017,6;2309,5;28,5;19;29,8;28,4;19,8;18;57;50;56;95;7,2;2,9;
2022/01/14;2000 UTC;0;1017,7;1017,7;1017,5;1456,1;28,5;18,8;29;28,3;19,4;18,1;57;53;56;77;6,2;2,3;
2022/01/14;2100 UTC;0;1018,2;1018,2;1017,6;245,4;27,2;19,4;28,6;27,1;19,4;18,6;62;55;62;91;6;1,8;
2022/01/14;2200 UTC;0;1018,7;1018,7;1018,2;8,6;26;20;27,2;25,9;20;19,3;70;62;70;112;5,2;1;
2022/01/14;2300 UTC;0;1019,3;1019,3;1018,7;;23,9;20,2;26;23,9;20,2;19,9;80;69;80;166;2,6;,4;
2022/01/15;0000 UTC;0;1019,8;1019,8;1019,3;;22,8;21;23,9;22,8;21;20,2;90;80;90;312;1,4;,3;
2022/01/15;0100 UTC;0;1020,1;1020,1;1019,8;;23,3;21,8;23,3;22,7;21,8;21;91;90;91;318;1,2;,7;
2022/01/15;0200 UTC;0;1019,7;1020,1;1019,7;;23,3;21,6;23,4;23,2;21,8;21,6;91;90;90;285;2,3;,9;
2022/01/15;0300 UTC;0;1018,9;1019,7;1018,9;;22,3;20,8;23,3;22,3;21,5;20,8;91;90;91;328;2,3;,8;
2022/01/15;0400 UTC;0;1018,6;1018,9;1018,6;;22,7;21,2;22,7;22,3;21,2;20,8;92;91;91;323;1,7;,7;
2022/01/15;0500 UTC;0;1018,4;1018,6;1018,4;;22,2;20,7;22,7;22,2;21,2;20,7;91;91;91;318;1,6;,9;
2022/01/15;0600 UTC;0;1018,1;1018,4;1018;;21,7;20,3;22,3;21,7;20,9;20,3;92;91;92;329;1,6;,7;
2022/01/15;0700 UTC;0;1017,8;1018,1;1017,8;;21,3;20,2;21,7;21,3;20,3;20,2;93;92;93;327;1,5;,7;
2022/01/15;0800 UTC;0;1018,2;1018,2;1017,7;;21,1;20;21,3;21,1;20,2;20;94;93;94;317;1,4;,5;
2022/01/15;0900 UTC;0;1018,7;1018,7;1018,2;149,6;23;22;23;21,1;22;20;94;94;94;316;1,8;1;
2022/01/15;1000 UTC;0;1018,7;1018,8;1018,6;825,2;26,2;21,4;26,2;23;22,8;21;94;75;75;311;2,6;1,2;
2022/01/15;1100 UTC;0;1018,5;1018,7;1018,5;1658,7;28,4;20,5;28,8;26,2;21,5;20,1;75;61;62;273;3,5;1,6;
2022/01/15;1200 UTC;0;1018,5;1018,6;1018,4;2020;28,6;20,1;29,6;28,2;21;19,3;64;56;60;300;3;1,1;
2022/01/15;1300 UTC;0;1018,3;1018,5;1018,3;1506,8;28,7;20,8;30,1;28,3;21,1;19,2;63;55;62;308;3,2;,9;
2022/01/15;1400 UTC;0;1017,9;1018,3;1017,9;3226,7;29,9;20,2;30,8;28,6;21,4;19,6;62;53;56;144;5,1;2,4;
2022/01/15;1500 UTC;0;1017,3;1018;1017,3;2846;30,1;19,9;31;28,7;21,1;19,9;62;53;54;111;6,2;2,9;
2022/01/15;1600 UTC;0;1017;1017,3;1016,8;3247,5;29,5;20,7;30,7;28,9;21,2;19,9;61;53;59;112;7,2;2,5;
2022/01/15;1700 UTC;0;1015,8;1017,4;1015,8;3380,3;29,7;19,9;30,7;29,5;20,9;19,5;60;53;56;105;7;2,9;
2022/01/15;1800 UTC;0;1015,7;1016;1015,7;2586,3;29,5;21;29,8;28,7;22;19,7;65;55;60;100;6,1;2,4;
2022/01/15;1900 UTC;0;1015,3;1015,7;1015,3;2289,1;28,7;20,5;29,6;28,5;21;20;62;58;61;101;6,3;2,6;
2022/01/15;2000 UTC;0;1015,5;1015,5;1015,3;1219,8;27,6;20,6;29,2;27,6;20,8;20;66;59;66;103;5,5;2,7;
2022/01/15;2100 UTC;0;1015,5;1015,6;1015,4;137,4;27;21,1;27,7;26,9;21,1;20,6;70;66;70;106;5,1;1,6;
2022/01/15;2200 UTC;0;1016,2;1016,2;1015,6;7,1;26,6;21,6;27;26,4;21,6;21,1;75;70;74;106;3,7;1,4;
2022/01/15;2300 UTC;0;1016,2;1016,3;1016,1;;25,5;21,9;26,6;25,4;21,9;21,5;80;74;80;88;3,2;,8;
2022/01/16;0000 UTC;0;1016,9;1016,9;1016,2;;25,2;22;26;25,1;22,4;21,7;83;79;83;79;2,3;,5;
2022/01/16;0100 UTC;0;1017,3;1017,3;1016,9;;24,3;22,2;25,2;24,3;22,3;21,9;88;83;88;194;1,5;,2;
2022/01/16;0200 UTC;0;1016,9;1017,3;1016,9;;24,2;22,7;24,3;24,1;22,7;22,2;91;88;91;278;1,1;,6;
2022/01/16;0300 UTC;0;1016,5;1016,9;1016,5;;24,2;22,8;24,3;24,2;22,8;22,7;92;91;92;310;1,1;,5;
2022/01/16;0400 UTC;0;1016;1016,5;1016;;24,4;22,8;24,5;24,2;23;22,8;92;91;91;324;1,9;,6;
2022/01/16;0500 UTC;0;1015;1016;1015;;23,5;22;24,4;23,5;22,8;22;92;90;92;296;1,5;,4;
2022/01/16;0600 UTC;0;1015,5;1015,6;1014,8;;22,9;21,7;23,5;22,9;22;21,6;93;92;93;351;1,2;,3;
2022/01/16;0700 UTC;0;1015,4;1015,6;1015,3;;22,4;21,3;22,9;22,4;21,7;21,3;94;93;94;291;1,7;,7;
2022/01/16;0800 UTC;0;1015,9;1015,9;1015,4;;22,2;21,2;22,5;22,2;21,4;21,2;94;94;94;325;1,7;,4;
2022/01/16;0900 UTC;0;1016,2;1016,2;1015,9;68,7;22,9;22;22,9;22,2;22;21,2;94;94;94;333;1,5;,5;
2022/01/16;1000 UTC;0;1016,4;1016,4;1016,2;337,3;24,3;23,2;24,3;22,9;23,3;22;94;94;94;303;1,8;,4;
2022/01/16;1100 UTC;0;1016,4;1016,4;1016,3;820,5;27,1;21,5;27,4;24,3;23,7;21,5;94;71;71;337;2;,7;
2022/01/16;1200 UTC;0;1016,6;1016,6;1016,4;2021,4;29;20,7;30;27;22,3;19,4;73;55;61;74;4;1,9;
2022/01/16;1300 UTC;0;1016,3;1016,7;1016,2;2297,8;29,1;21,2;29,6;28,1;21,7;20,3;66;59;62;86;5,9;2,6;
2022/01/16;1400 UTC;0;1015,9;1016,4;1015,9;2313,8;28,3;20,3;30,2;28,3;21,3;19,8;64;57;62;112;6,3;2,7;
2022/01/16;1500 UTC;0;1015,2;1016;1015,2;3030,7;30,1;20,4;30,6;28,3;20,9;19,5;63;53;56;112;6,6;2,9;
2022/01/16;1600 UTC;0;1014,7;1015,2;1014,7;3516,8;30;20,8;31,2;29,1;21,7;20,2;61;55;58;93;7,8;3,7;
2022/01/16;1700 UTC;0;1014,2;1014,7;1014,2;3078,8;29,5;21;30,6;29,2;21,5;20,1;61;55;60;97;7,3;3,8;
2022/01/16;1800 UTC;0;1013,7;1014,2;1013,7;2237,5;29,2;20,7;29,9;29;21,1;20;61;56;60;74;7,1;3,3;
2022/01/16;1900 UTC;0;1013,5;1013,7;1013,5;1228,2;28,1;21,6;29,5;27,9;21,6;20,4;68;58;68;72;7;2,8;
2022/01/16;2000 UTC;0;1013,7;1013,7;1013,5;648,9;27,8;21;28,2;27,7;21,7;20,7;69;65;66;44;8,4;2,2;
2022/01/16;2100 UTC;0;1013,9;1013,9;1013,6;157,8;27;21,2;28;27;21,3;20,9;71;66;70;62;6,4;2,9;
2022/01/16;2200 UTC;0;1014,4;1014,4;1013,8;4,8;26,7;21,5;27;26,6;21,5;21,1;73;70;73;54;6;2;
2022/01/16;2300 UTC;0;1014,7;1014,7;1014,3;;26,7;21,5;26,8;26,6;21,6;21,4;73;73;73;54;5;2,1;
2022/01/17;0000 UTC;0;1015,5;1015,5;1014,7;;26,6;21,7;26,7;26,5;21,7;21,4;75;73;75;67;5;1,3;
2022/01/17;0100 UTC;0;1016,1;1016,1;1015,5;;25,3;22,2;26,6;25,3;22,2;21,7;83;75;83;341;3,9;,7;
2022/01/17;0200 UTC;0;1016,1;1016,1;1016;;24,7;22,8;25,4;24,6;22,8;22,2;89;83;89;247;3;,3;
2022/01/17;0300 UTC;0;1015,5;1016,1;1015,4;;25,2;22,7;25,3;24,7;22,9;22,7;89;86;86;47;2;,7;
2022/01/17;0400 UTC;0;1015,3;1015,7;1015,2;;24,9;21,9;25,2;24,7;22,7;21,9;86;83;84;30;2,3;,8;
2022/01/17;0500 UTC;0;1015,5;1015,5;1015,2;;23,9;22;24,9;23,9;22;21,9;89;84;89;265;2,4;,5;
2022/01/17;0600 UTC;0;1015,2;1015,5;1015,2;;23;21,7;23,9;23;22,1;21,7;92;89;92;259;1;,5;
2022/01/17;0700 UTC;0;1015,1;1015,2;1015;;22,6;21,5;23;22,6;21,7;21,5;93;92;93;291;,9;,3;
2022/01/17;0800 UTC;0;1015,1;1015,1;1014,9;;22,3;21,3;22,7;22,3;21,6;21,3;94;93;94;335;,9;,4;
2022/01/17;0900 UTC;0;1015,9;1015,9;1015,1;102,9;23,7;22,7;23,7;22,3;22,7;21,3;94;94;94;301;1,2;,6;
2022/01/17;1000 UTC;0;1016,3;1016,4;1015,9;752,6;27,5;22,1;27,5;23,7;24,1;22,1;94;73;73;298;3;,9;
2022/01/17;1100 UTC;0;1016,2;1016,5;1016,2;1067,7;28,3;20,8;28,7;26,5;22,3;20,4;74;62;64;14;4,8;1,6;
2022/01/17;1200 UTC;0;1016,4;1016,6;1016,2;2295;29,2;20,4;30,2;28,3;21,8;19,5;66;54;59;11;4,8;1,9;
2022/01/17;1300 UTC;0;1016,2;1016,4;1016,2;2977,5;30,3;19,2;31,3;29;21;19,2;61;50;52;51;6,7;3,3;
2022/01/17;1400 UTC;0;1016;1016,2;1016;3615,4;30,6;19,7;31,7;29,9;20,8;19,1;55;50;52;42;6,7;2,3;
2022/01/17;1500 UTC;0;1014,9;1016,1;1014,9;3825,2;31,4;19,6;32,1;30,4;21,3;19,6;55;49;50;59;8,6;3,1;
2022/01/17;1600 UTC;0;1014,6;1014,9;1014,5;3776,7;31;20;32;30,8;20,8;19,3;54;49;52;70;9,2;3,6;
2022/01/17;1700 UTC;0;1013,7;1014,6;1013,6;3485,9;31,4;20,4;31,9;30,7;20,9;19,2;53;49;52;50;8,5;3,4;
2022/01/17;1800 UTC;0;1013,4;1013,7;1013,3;2977,1;30,6;20,2;31,8;30,4;20,9;19,5;56;50;54;60;8,5;3,2;
2022/01/17;1900 UTC;0;1013,3;1013,5;1013,2;2244,5;29,9;20,3;30,9;29,6;20,6;19,6;58;53;56;46;8,1;2,8;
2022/01/17;2000 UTC;0;1013,4;1013,4;1013,2;1377,8;28,8;20,7;29,9;28,7;20,8;19,7;62;56;62;59;9,8;3,4;
2022/01/17;2100 UTC;0;1013,5;1013,6;1013,2;278,2;27,7;20,5;28,8;27,6;21;20,2;65;61;65;43;7,4;2,6;
2022/01/17;2200 UTC;0;1013,9;1013,9;1013,5;9,2;27,2;21,2;27,7;27,1;21,3;20,3;70;65;70;36;7,4;2,2;
2022/01/17;2300 UTC;0;1014,5;1014,5;1013,9;;27;21,3;27,2;26,9;21,4;21,2;72;70;71;33;6,7;1,6;
2022/01/18;0000 UTC;0;1015;1015;1014,5;;26,3;21,7;27,1;26,3;21,8;21,2;76;71;76;357;5,7;1,3;
2022/01/18;0100 UTC;0;1015,5;1015,6;1015;;25,8;21,9;26,2;25,8;21,9;21,7;79;76;79;315;3,4;,8;
2022/01/18;0200 UTC;0;1015,9;1015,9;1015,5;;25,5;22,3;26,3;25,5;22,3;21,9;82;78;82;6;3,4;,8;
2022/01/18;0300 UTC;0;1015,6;1016;1015,6;;24,8;21,8;25,5;24,8;22,6;21,8;85;82;84;330;3;1,1;
2022/01/18;0400 UTC;0;1015,4;1015,6;1015,3;;24,7;22;24,8;24,5;22,1;21,7;86;84;85;322;2,4;,7;
2022/01/18;0500 UTC;0;1015,2;1015,4;1015,1;;24,5;22,2;24,7;24,2;22,4;21,7;88;85;87;315;1,8;,8;
2022/01/18;0600 UTC;0;1015;1015,3;1015;;23,7;21,9;24,5;23,7;22,2;21,9;90;87;90;341;2;,2;
2022/01/18;0700 UTC;0;1015,2;1015,2;1015;;22,9;21,6;23,7;22,9;21,9;21,5;92;90;92;335;1,3;,3;
2022/01/18;0800 UTC;0;1015,4;1015,4;1015,1;;22,5;21,4;22,9;22,4;21,6;21,3;93;92;93;293;1,6;,7;
2022/01/18;0900 UTC;0;1016;1016;1015,4;41;23;22;23;22,5;22;21,4;94;93;94;38;1,6;,3;
2022/01/18;1000 UTC;0;1016,5;1016,5;1016;774,4;28;21,7;28;23;24,1;21,7;94;69;69;349;1,8;,9;
2022/01/18;1100 UTC;0;1016,6;1016,7;1016,5;1595,9;29,9;21,1;30,2;28;22,2;20,9;69;59;59;336;3,8;1,4;
2022/01/18;1200 UTC;0;1016,7;1016,7;1016,3;2460,9;31,5;20,2;31,9;28,9;22,2;20,2;64;51;51;297;4,8;1,2;
2022/01/18;1300 UTC;0;1016,9;1016,9;1016,7;2582,6;31,8;20,9;32,6;30,3;22,6;20;60;49;52;349;4,9;1,1;
2022/01/18;1400 UTC;0;1016,9;1017;1016,7;2465,7;31,2;21,5;32,4;30,2;22,2;20,4;60;50;57;67;5,5;2;
2022/01/18;1500 UTC;0;1016,7;1017;1016,6;3233,6;30,5;21,6;32,2;30,4;21,9;20,6;60;53;59;73;7,4;3,4;
2022/01/18;1600 UTC;0;1016,5;1016,7;1016,4;3714,5;31;20,9;31,6;30,4;23;20,9;63;55;55;45;8,7;4,1;
2022/01/18;1700 UTC;0;1016;1016,5;1016;3378,2;30,3;21,6;32;29,9;22,4;20,9;63;53;60;45;8,8;3,1;
2022/01/18;1800 UTC;0;1015,4;1016;1015,4;2775,9;30,3;21,1;31,2;30,2;21,9;21;61;55;58;15;8,1;2,8;
2022/01/18;1900 UTC;0;1014,9;1015,4;1014,7;1965,3;29,8;21,6;30,6;29,5;22,3;21,2;64;58;62;10;7,6;2,3;
2022/01/18;2000 UTC;0;1014,3;1015;1014,2;1395,9;29,4;20,5;30,1;29,4;22,5;20,4;64;58;59;18;6,1;2,5;
2022/01/18;2100 UTC;0;1015;1015;1014,2;284,4;27,8;21,4;29,4;27,8;21,4;19,8;68;57;68;50;6,7;1,5;
2022/01/18;2200 UTC;0;1015,3;1015,3;1015;8,3;26,9;22,3;27,8;26,8;22,4;21,5;76;68;76;43;6;1,8;
2022/01/18;2300 UTC;0;1015,9;1015,9;1015,2;;26,5;22,2;26,9;26,4;22,5;22,1;79;76;77;21;6;2,2;
2022/01/19;0000 UTC;0;1016,6;1016,6;1015,9;;25,8;22;26,5;25,8;22,1;21,8;80;76;80;356;7,1;1;
2022/01/19;0100 UTC;0;1017;1017;1016,5;;24,8;21,8;25,6;24,8;21,9;21,7;84;80;84;348;4,5;,6;
2022/01/19;0200 UTC;0;1016,9;1017,1;1016,9;;24;22;24,8;24;22,1;21,7;89;84;89;331;2;,5;
2022/01/19;0300 UTC;0;1016,6;1017;1016,6;;23,6;22;24,1;23,6;22,3;21,9;91;89;90;349;2,1;,7;
2022/01/19;0400 UTC;0;1016,5;1016,6;1016,4;;23,3;21,8;23,6;23,3;22;21,8;92;90;92;276;1,9;,6;
2022/01/19;0500 UTC;0;1016,6;1016,6;1016,3;;22,8;21,5;23,3;22,8;21,9;21,5;92;92;92;276;1,9;,3;
2022/01/19;0600 UTC;0;1016,5;1016,8;1016,5;;22,7;21,6;23;22,7;21,8;21,5;93;92;93;326;1,5;,4;
2022/01/19;0700 UTC;0;1016,3;1016,5;1016,2;;22,4;21,3;22,7;22,4;21,5;21,3;94;93;94;353;,9;,2;
2022/01/19;0800 UTC;0;1017,1;1017,1;1016,3;;22,3;21,2;22,4;22,2;21,4;21,1;94;94;94;316;1,2;,8;
2022/01/19;0900 UTC;0;1017,8;1017,8;1017;71,8;23;22;23;22,3;22;21,3;94;94;94;304;1,8;,9;
2022/01/19;1000 UTC;0;1018,1;1018,1;1017,8;767;27,1;21,2;27,1;23;23,7;21,2;94;71;71;306;3,6;1,4;
2022/01/19;1100 UTC;0;1018;1018,1;1017,9;1648,2;29,3;21,3;30;26,9;22,4;20,6;72;61;62;339;4,4;1,4;
2022/01/19;1200 UTC;0;1018,6;1018,6;1018;1431,9;29,4;21;30,4;28,2;22;20,8;68;59;61;342;4,5;1,7;
2022/01/19;1300 UTC;;;;;;;;;;;;;;;;;;
2022/01/19;1400 UTC;0;1017,7;1018,4;1017,7;2510,2;31,2;21,4;31,7;29,8;22,7;20,2;62;52;56;65;7;3,4;
2022/01/19;1500 UTC;0;1017,4;1017,8;1017,3;3821,2;30,8;19,9;32,4;30,8;21,8;19,5;56;48;52;67;7;3,1;
2022/01/19;1600 UTC;0;1016,9;1017,4;1016,9;3776,9;31,2;20,7;32,1;30,7;21,3;19,6;55;50;54;58;6,7;3,7;
2022/01/19;1700 UTC;0;1016,1;1016,9;1016,1;3484,9;31,7;19,9;32,4;31,1;21,3;18,9;54;46;49;63;7;3,3;
2022/01/19;1800 UTC;0;1015,6;1016,1;1015,6;2984,6;31,3;16,8;31,8;30,7;19,8;16,7;50;41;42;63;8,9;3,7;
2022/01/19;1900 UTC;0;1014,9;1015,6;1014,9;2261,1;30;18,8;31,5;30;19,2;14,3;52;35;51;58;8,9;3,7;
2022/01/19;2000 UTC;0;1015,5;1015,5;1014,9;1032,7;29,3;20,5;30,2;29;20,9;19,1;61;51;59;35;8;1,7;
2022/01/19;2100 UTC;0;1015,6;1015,6;1015,5;313,4;27,9;21,8;29,4;27,9;21,8;19,5;70;56;70;56;6,3;2,2;
2022/01/19;2200 UTC;0;1016,3;1016,3;1015,6;7,1;27,1;22,1;28;27,1;22,1;21,7;74;70;74;26;6,4;1,6;
2022/01/19;2300 UTC;0;1016,7;1016,7;1016,2;;26,3;22,3;27,2;26,3;22,4;22,1;79;74;79;348;5,8;1;
2022/01/20;0000 UTC;0;1017,5;1017,5;1016,7;;26;22,2;26,3;25,8;22,4;22,2;81;79;80;15;4,4;1,2;
2022/01/20;0100 UTC;0;1017,8;1017,8;1017,5;;25,9;21,6;26,2;25,8;22,3;21,6;80;77;77;27;4,1;1,2;
2022/01/20;0200 UTC;0;1017,9;1017,9;1017,7;;25,5;21,8;26,2;25,5;21,8;21,5;80;76;80;317;4,1;,8;
2022/01/20;0300 UTC;0;1017,1;1018;1017,1;;24,9;22,1;25,5;24,9;22,2;21,8;84;80;84;335;2;,7;
2022/01/20;0400 UTC;0;1016,8;1017,1;1016,6;;23,6;21,9;24,9;23,6;22,1;21,9;90;84;90;281;1,9;,3;
2022/01/20;0500 UTC;0;1016,6;1016,9;1016,6;;23,7;22,3;23,7;23,5;22,3;21,9;92;90;92;343;1,2;,3;
2022/01/20;0600 UTC;0;1015,9;1016,6;1015,9;;23,1;21,9;23,7;23,1;22,4;21,8;93;92;93;323;1,5;,9;
2022/01/20;0700 UTC;0;1015,6;1015,9;1015,6;;22,7;21,6;23,1;22,7;21,9;21,6;93;93;93;322;1,5;,5;
2022/01/20;0800 UTC;0;1015,9;1015,9;1015,5;;22,5;21,5;22,8;22,5;21,7;21,5;94;93;94;307;1,2;,6;
2022/01/20;0900 UTC;0;1016,7;1016,7;1015,9;77,4;23,4;22,4;23,4;22,4;22,4;21,4;94;94;94;306;1,5;,5;
2022/01/20;1000 UTC;0;1017;1017;1016,7;493;26,7;24,1;26,7;23,4;24,1;22,4;94;86;86;324;2,5;1;
2022/01/20;1100 UTC;0;1017,2;1017,2;1016,9;1240,7;29,5;21,7;29,5;26,7;24;21,5;86;63;63;322;3,9;1,3;
2022/01/20;1200 UTC;0;1017,3;1017,4;1017,1;2628,5;31,3;20,1;31,7;28,9;22,2;19,2;65;49;51;302;4,6;1,5;
2022/01/20;1300 UTC;0;1016,8;1017,3;1016,8;3235,2;32,4;19,7;32,8;30,4;21;18,5;54;45;47;4;5;1,4;
2022/01/20;1400 UTC;0;1016,2;1016,8;1016,1;2655,1;31,8;20,7;33,1;30,8;21,1;17,9;56;43;52;48;5,4;2,2;
2022/01/20;1500 UTC;0;1015,5;1016,2;1015,5;3653,5;32,2;19,5;32,6;30,5;21,2;19,5;55;47;47;47;6,5;2,8;
2022/01/20;1600 UTC;0;1014,4;1015,5;1014,4;3785,3;32,4;19,9;33;31,4;20,3;18,8;50;44;48;73;7,5;3,3;
2022/01/20;1700 UTC;0;1013,9;1014,4;1013,9;3501,5;31,9;20,1;32,5;31,2;20,6;19,2;52;46;50;71;8;3,6;
2022/01/20;1800 UTC;0;1013,5;1013,9;1013,5;2984,2;30,6;20,5;31,9;30,6;21;19,5;55;49;55;67;8;3,7;
2022/01/20;1900 UTC;0;1013;1013,5;1013;2244,9;29,8;20,2;30,8;29,5;20,8;20;59;54;56;83;8,6;3,4;
2022/01/20;2000 UTC;0;1013,3;1013,3;1013;1257;28,4;21;29,9;28,4;21,1;18,7;64;52;64;54;7,6;3;
2022/01/20;2100 UTC;0;1013,6;1013,6;1013,3;174,1;27,9;20,6;28,4;27,8;21;19,9;65;60;65;74;6,3;2,2;
2022/01/20;2200 UTC;0;1013,8;1013,8;1013,6;9,8;27,2;20,9;27,9;26,9;20,9;20,4;69;65;68;39;5,1;1,6;
2022/01/20;2300 UTC;0;1014,5;1014,5;1013,8;;27,1;21,5;27,4;27,1;21,7;20,9;72;68;71;31;4;1,3;
2022/01/21;0000 UTC;0;1015,2;1015,2;1014,5;;27,1;20,8;27,2;26,9;21,6;20,8;72;68;69;31;3,9;1,6;
2022/01/21;0100 UTC;0;1015,6;1015,7;1015,2;;27;21,2;27,2;26,7;21,3;20,8;73;69;71;51;3,6;,9;
2022/01/21;0200 UTC;0;1015,2;1015,6;1015,2;;26,8;21,5;27,1;26,7;21,5;21,2;73;70;73;19;3,3;1;
2022/01/21;0300 UTC;0;1014,8;1015,2;1014,8;;26,1;21,6;26,8;26,1;21,7;21,2;76;73;76;322;3,4;1;
2022/01/21;0400 UTC;0;1013,8;1014,8;1013,8;;24,7;22;26,1;24,7;22;21,6;85;76;85;283;2,8;,5;
2022/01/21;0500 UTC;0;1013,6;1013,8;1013,6;;24,5;22,4;24,7;24,4;22,4;22;88;85;88;286;1,1;,5;
2022/01/21;0600 UTC;0;1013,1;1013,6;1013,1;;23,6;21,8;24,5;23,6;22,3;21,8;89;88;89;323;1,3;,2;
2022/01/21;0700 UTC;0;1013,1;1013,2;1013;;23,2;21,8;23,6;23,1;21,8;21,6;92;89;92;326;1;,4;
2022/01/21;0800 UTC;0;1013,3;1013,3;1013,1;;23,4;22,2;23,4;23,1;22,2;21,7;93;92;93;218;1,3;,4;
2022/01/21;0900 UTC;0;1013,9;1013,9;1013,3;88,7;24,1;22,9;24,1;23,1;22,9;21,8;93;93;93;315;1,8;,9;
2022/01/21;1000 UTC;0;1014,1;1014,1;1013,9;753,7;27,7;21,9;27,9;24,1;23,4;21,9;93;71;71;308;2;,9;
2022/01/21;1100 UTC;0;1014,4;1014,5;1014,1;1534,3;28,9;20,5;29,2;27,4;22,2;19,5;72;59;60;303;2,8;,8;
2022/01/21;1200 UTC;0;1014,6;1014,6;1014,4;729,6;28,7;20,5;28,9;27,4;21,4;19,8;69;59;61;200;2,3;,6;
2022/01/21;1300 UTC;0;1014,7;1014,8;1014,6;2705,3;30,3;20,1;30,5;28;20,8;19,5;64;53;55;117;4;1,9;
2022/01/21;1400 UTC;0;1014,6;1014,8;1014,6;3653,4;29,8;20,7;31,1;29,7;21,2;19,7;60;52;58;116;5,9;2,6;
2022/01/21;1500 UTC;0;1014,3;1014,7;1014,3;3882,9;29,1;20,8;30,3;28,9;21,6;20,3;63;57;61;117;6,4;3,4;
2022/01/21;1600 UTC;0;1013,7;1014,3;1013,7;3836,9;29,6;21,5;29,6;28,5;21,7;20,6;65;59;62;105;7,4;3;
2022/01/21;1700 UTC;0;1013,3;1013,7;1013,3;3550,6;29,6;22,2;29,8;28,7;22,2;20,7;66;60;65;110;6,9;2,9;
2022/01/21;1800 UTC;0;1013,1;1013,3;1013;3058,5;28,9;21,4;30,1;28,7;22,5;21,2;65;62;64;101;6,4;3,8;
2022/01/21;1900 UTC;0;1012,8;1013,2;1012,8;2333,5;28,6;21;29,6;28,6;21,5;20,6;64;60;63;107;7,2;2,8;
2022/01/21;2000 UTC;0;1012,7;1012,8;1012,6;1463,8;27,6;22,3;28,6;27,6;22,4;20,6;73;63;73;115;6,5;2;
2022/01/21;2100 UTC;0;1013;1013;1012,7;233,8;26,9;21,7;27,9;26,8;22,5;21,6;74;72;73;106;5,1;1,6;
2022/01/21;2200 UTC;0;1013,5;1013,5;1013;9,9;26,3;21,2;26,9;26,3;21,7;21,2;74;72;73;115;3,4;1,3;
2022/01/21;2300 UTC;0;1014,1;1014,1;1013,5;;26,4;21;26,4;25,6;21,2;21;76;72;72;128;3,6;1,1;
2022/01/22;0000 UTC;0;1014,6;1014,6;1014,1;;26,2;21;26,4;25,4;21,1;20,9;76;72;73;119;3,6;1,1;
2022/01/22;0100 UTC;0;1015;1015;1014,5;;24,5;21,2;26,2;24,5;21,2;20,7;82;73;82;117;2,7;,7;
2022/01/22;0200 UTC;0;1014,7;1015;1014,7;;23,7;21,1;24,7;23,7;21,7;21;85;82;85;110;2,2;,3;
2022/01/22;0300 UTC;0;1014,6;1014,7;1014,6;;23,3;21,7;23,8;23,3;21,7;21,1;91;85;91;304;1,2;,3;
2022/01/22;0400 UTC;0;1014,1;1014,6;1014,1;;23,8;22,5;23,8;23,2;22,5;21,7;92;91;92;319;1,2;,4;
2022/01/22;0500 UTC;0;1013,4;1014,1;1013,4;;23;21,7;23,9;23;22,6;21,7;92;92;92;339;1,3;,4;
2022/01/22;0600 UTC;0;1013,2;1013,5;1013,2;;22,8;21,7;23;22,7;21,8;21,5;93;92;93;327;1;,4;
2022/01/22;0700 UTC;0;1013,4;1013,4;1013,1;;22,5;21,4;22,8;22,4;21,7;21,4;94;93;94;282;1,4;,6;
2022/01/22;0800 UTC;2,2;1013,6;1013,7;1013,3;;22,9;21,9;23,1;22,4;22,1;21,3;94;94;94;293;2,2;1;
2022/01/22;0900 UTC;8,2;1014,6;1014,6;1013,6;17,2;23,1;22,1;23,4;22,9;22,4;21,9;94;94;94;274;2,7;1,1;
2022/01/22;1000 UTC;4,6;1015,1;1015,1;1014,6;97,9;23,1;22,1;23,3;23;22,3;22;94;94;94;258;3;1,3;
2022/01/22;1100 UTC;,8;1015,7;1015,8;1015,1;225,1;23,6;22,6;23,7;23,1;22,7;22,1;94;94;94;273;3;,7;
2022/01/22;1200 UTC;,2;1015,9;1015,9;1015,7;726;24,7;23,5;24,7;23,6;23,5;22,6;94;93;93;259;2,7;1;
2022/01/22;1300 UTC;0;1015,6;1015,9;1015,5;2693,7;28;21,5;28,6;24,7;24,7;21,1;93;67;68;154;3,4;,6;
2022/01/22;1400 UTC;0;1015,3;1015,6;1015,3;745,9;26,9;21,5;28,1;26,7;23;21,5;77;68;72;124;4,5;1,9;
2022/01/22;1500 UTC;0;1015;1015,3;1014,9;1585,1;27,9;20,5;28;26,9;22,2;20,5;73;64;64;129;4,9;2;
2022/01/22;1600 UTC;0;1014,6;1015;1014,6;1194,4;27,9;21;28;27;22,1;20,7;73;64;66;101;5,5;1,9;
2022/01/22;1700 UTC;0;1014,2;1014,6;1014,1;2840,9;29;20,8;29,5;27,6;21,8;20,2;68;59;61;107;6,4;3;
2022/01/22;1800 UTC;0;1014;1014,4;1014;2348;29;20,4;29,5;28;21,6;20,4;67;59;60;92;6,9;2,9;
2022/01/22;1900 UTC;0;1013,6;1014,1;1013,6;1922,5;28,4;20;29;27,8;21,3;19,9;66;60;60;67;7,4;2,8;
2022/01/22;2000 UTC;0;1013,6;1013,7;1013,5;792,6;27,3;19,7;28,7;27,3;20,9;19,5;68;59;63;44;6,2;2,3;
2022/01/22;2100 UTC;0;1013,8;1013,9;1013,5;172,6;26;20,6;27,4;25,9;20,8;19,8;73;63;72;26;6;1,9;
2022/01/22;2200 UTC;0;1014,4;1014,4;1013,8;9;24,6;20,4;26,2;24,6;20,7;20;77;70;77;328;3,9;1;
2022/01/22;2300 UTC;0;1014,6;1014,7;1014,3;;23,5;20,5;24,6;23,5;20,6;20,4;83;77;83;334;2,7;,3;
2022/01/23;0000 UTC;0;1015;1015;1014,6;;23,3;21,3;23,5;23,3;21,3;20,6;89;83;89;311;1,1;,5;
2022/01/23;0100 UTC;0;1015,3;1015,3;1015;;22,4;21;23,3;22,4;21,3;21;92;89;92;308;1,5;,7;
2022/01/23;0200 UTC;0;1015,4;1015,4;1015,3;;22,1;20,9;22,4;22,1;21;20,9;93;92;93;310;1,4;,3;
2022/01/23;0300 UTC;0;1015,1;1015,5;1015,1;;21,9;20,9;22,1;21,8;20,9;20,7;94;93;94;350;,9;,3;
2022/01/23;0400 UTC;0;1014,5;1015,1;1014,5;;22,1;21,1;22,2;21,9;21,2;20,9;94;94;94;317;1,4;,7;
2022/01/23;0500 UTC;0;1014;1014,5;1014;;21,9;20,9;22,1;21,9;21,1;20,9;94;94;94;290;1,9;,9;
2022/01/23;0600 UTC;0;1013,9;1014;1013,9;;21,7;20,8;21,9;21,6;20,9;20,6;94;94;94;318;2,3;,8;
2022/01/23;0700 UTC;0;1014;1014;1013,8;;21,1;20,1;21,7;21,1;20,8;20,1;94;94;94;305;2,1;,6;
2022/01/23;0800 UTC;0;1013,9;1014;1013,7;;20,9;20;21,1;20,8;20,2;19,9;95;94;95;304;2,5;1;
2022/01/23;0900 UTC;0;1014,4;1014,4;1013,9;38,4;22,1;21,1;22,1;20,9;21,1;20;95;94;94;255;4,3;,6;
2022/01/23;1000 UTC;0;1014,4;1014,5;1014,2;842,5;26,8;22,1;26,8;22,1;23,2;21,2;94;74;75;309;2,4;1,1;
2022/01/23;1100 UTC;0;1015;1015;1014,4;1379;27;21,4;27,7;26,5;22,2;20,7;75;67;71;295;3,5;1,4;
2022/01/23;1200 UTC;0;1014,9;1015;1014,9;1495,8;28,7;21,8;28,7;26,8;22,6;20,6;74;63;66;299;4;1,4;
2022/01/23;1300 UTC;0;1015,1;1015,2;1014,9;1730,1;30,9;21,7;30,9;27,5;22,1;20,4;71;58;58;334;3;1,4;
2022/01/23;1400 UTC;0;1014,7;1015,1;1014,7;2866,8;30,2;18,3;31,6;29,7;21,5;16,7;58;43;49;359;6,6;2,1;
2022/01/23;1500 UTC;0;1014,6;1014,8;1014,6;2400,2;30,7;16,2;31,9;29,6;21,5;15,5;55;40;42;72;6,6;2,7;
2022/01/23;1600 UTC;0;1014,1;1014,7;1014,1;3600,3;31,3;19,2;31,5;30;19,8;16,5;53;41;49;53;7;2,5;
2022/01/23;1700 UTC;0;1013,8;1014,2;1013,8;3538,1;30,8;19,5;31,6;30,3;20,2;18,4;53;47;51;67;8;3,1;
2022/01/23;1800 UTC;0;1013,5;1013,8;1013,5;2910,2;29,9;18,2;30,9;29,8;20;18,1;54;49;49;50;7,9;3,6;
2022/01/23;1900 UTC;0;1013,2;1013,5;1013,2;2235,2;29,2;18,7;30,5;29,2;19,4;17,4;54;46;53;68;7,1;3,2;
2022/01/23;2000 UTC;0;1013,2;1013,3;1013;1348,5;28,4;19,9;29,4;28,4;20,1;19;60;53;60;57;6,7;3,3;
2022/01/23;2100 UTC;0;1013,3;1013,4;1013,2;293,6;27,4;20,3;28,4;27,4;20,4;19,7;65;60;65;54;6,9;2,5;
2022/01/23;2200 UTC;0;1013,6;1013,7;1013,3;9,9;26,6;20,7;27,4;26,6;20,8;20,4;70;65;70;41;6,1;1,5;
2022/01/23;2300 UTC;0;1014;1014;1013,5;;26;20,9;26,6;25,9;21;20,7;74;70;73;33;4,6;1,1;
2022/01/24;0000 UTC;0;1014,3;1014,3;1013,9;;24,7;21,2;26,1;24,7;21,2;20,8;81;73;81;298;2,7;,5;
2022/01/24;0100 UTC;0;1014,5;1014,5;1014,3;;23,3;21,5;24,6;23,3;21,5;21,2;90;81;90;350;1,2;,2;
2022/01/24;0200 UTC;0;1014,5;1014,8;1014,5;;23;21,5;23,3;23;21,6;21,5;91;90;91;314;1,3;,8;
2022/01/24;0300 UTC;0;1014,2;1014,5;1014,2;;22,8;21,6;23;22,7;21,6;21,5;93;91;93;310;1,6;,8;
2022/01/24;0400 UTC;0;1013,6;1014,2;1013,6;;22,5;21,3;23;22,5;21,8;21,3;93;93;93;339;2;,1;
2022/01/24;0500 UTC;0;1013,4;1013,6;1013,4;;22,1;21;22,5;21,9;21,3;20,8;94;93;94;290;1,2;,3;
2022/01/24;0600 UTC;0;1013,6;1013,7;1013,4;;22,2;21,2;22,2;21,9;21,2;20,8;94;94;94;316;1,7;1;
2022/01/24;0700 UTC;0;1013,6;1013,6;1013,4;;22,1;21,2;22,2;22;21,2;21;94;94;94;305;2,3;,9;
2022/01/24;0800 UTC;0;1013,9;1013,9;1013,3;;21,6;20,7;22,2;21,6;21,2;20,7;94;94;94;270;2,3;,7;
2022/01/24;0900 UTC;0;1014,2;1014,2;1013,9;53,9;21,9;21;21,9;21,4;21;20,5;95;94;95;311;2,3;,9;
2022/01/24;1000 UTC;0;1014,5;1014,5;1014,2;573,1;25,3;21,6;25,3;21,9;23;21;95;80;80;294;3,3;1,4;
2022/01/24;1100 UTC;0;1015;1015;1014,5;1028,5;26,1;20,7;27,5;25,3;21,7;20,2;80;66;72;284;4,4;1,5;
2022/01/24;1200 UTC;0;1014,9;1015,1;1014,9;1040,1;28,7;21,6;29,1;26,1;22;20,6;75;63;65;324;4,2;1,2;
2022/01/24;1300 UTC;0;1014,7;1014,9;1014,6;2203,8;31,2;19,5;31,2;28,8;22,4;19,1;67;50;50;342;5,1;1,4;
2022/01/24;1400 UTC;0;1014,2;1014,7;1014,1;2114,1;30,5;19,1;31,4;29,3;21,2;18,6;58;48;51;356;5,6;2;
2022/01/24;1500 UTC;0;1013,9;1014,2;1013,9;3288,6;31,4;17,4;31,8;29,9;19,4;16,7;53;42;43;53;7,1;3,4;
2022/01/24;1600 UTC;0;1013,5;1013,9;1013,4;3696,7;30,9;19,7;31,5;30,2;19,9;16,7;53;42;52;74;8,5;3,7;
2022/01/24;1700 UTC;0;1013;1013,5;1013;3406,9;30,5;18,5;31;30,1;19,8;18;53;47;49;69;7,9;3,8;
2022/01/24;1800 UTC;0;1012,8;1013,1;1012,7;2967,3;30,1;19,4;31;29,9;19,9;17,6;54;46;53;82;8,4;3,6;
2022/01/24;1900 UTC;0;1012,6;1012,8;1012,6;2258;29,4;19,5;30,2;29,4;20,4;19,2;57;53;55;75;7,9;3,6;
2022/01/24;2000 UTC;0;1012,6;1012,7;1012,5;1423,7;28,6;19,1;29,6;28,5;20,2;18,1;60;52;56;48;8,7;3,1;
2022/01/24;2100 UTC;0;1012,4;1012,6;1012,3;273,7;27,5;20,1;28,6;27,5;20,2;19,1;64;56;64;47;7,5;2,9;
2022/01/24;2200 UTC;0;1012,9;1012,9;1012,3;4,5;26,6;21,2;27,5;26,6;21,2;20,2;72;64;72;41;6,6;1,6;
2022/01/24;2300 UTC;0;1013,4;1013,4;1012,9;;25,4;21,2;26,7;25,4;21,5;21,2;78;72;78;359;4,5;,8;
2022/01/25;0000 UTC;0;1013,8;1013,8;1013,4;;23,6;21,7;25,4;23,6;21,7;21,2;89;78;89;286;1,9;,4;
2022/01/25;0100 UTC;0;1014,1;1014,1;1013,7;;23,3;21,8;23,6;23,3;21,8;21,6;91;89;91;322;1,5;,4;
2022/01/25;0200 UTC;0;1014,1;1014,2;1014,1;;23;21,7;23,4;23;21,8;21,5;92;91;92;318;1,9;,7;
2022/01/25;0300 UTC;0;1013,7;1014,1;1013,7;;22,4;21,3;23;22,4;21,7;21,3;93;92;93;306;1,4;,4;
2022/01/25;0400 UTC;0;1013,1;1013,7;1013,1;;22,3;21,2;22,5;22,2;21,4;21,1;94;93;94;10;1,1;,3;
2022/01/25;0500 UTC;0;1012,7;1013,1;1012,7;;22,2;21,3;22,3;22,2;21,3;21,1;94;94;94;322;2,4;,7;
2022/01/25;0600 UTC;0;1012,7;1012,7;1012,6;;22;21;22,3;22;21,3;21;94;94;94;321;2;,9;
2022/01/25;0700 UTC;0;1012,9;1012,9;1012,7;;22;21,1;22,1;22;21,2;21;94;94;94;322;2,6;1;
2022/01/25;0800 UTC;,2;1013,4;1013,4;1012,9;;22,1;21,2;22,2;22;21,3;21,1;95;94;95;332;2,4;,7;
2022/01/25;0900 UTC;0;1013,8;1013,8;1013,4;90,9;22,6;21,6;22,6;22,1;21,6;21,1;95;94;94;308;3;,9;
2022/01/25;1000 UTC;0;1014,4;1014,4;1013,8;666,4;24,7;21,9;25,1;22,5;23,2;21,6;94;84;84;305;3,1;1,4;
2022/01/25;1100 UTC;0;1014,7;1014,8;1014,4;1141,5;27,3;21,3;27,5;24,1;23,2;21,3;87;70;70;302;2,9;1,4;
2022/01/25;1200 UTC;0;1014,7;1014,8;1014,6;1957,9;28,8;20,2;29,3;27;22,2;19,8;73;59;60;276;2,8;1;
2022/01/25;1300 UTC;,2;1014,9;1014,9;1014,6;638,5;26;21,3;28,8;26;21,7;20,3;75;60;75;39;4,1;1,7;
2022/01/25;1400 UTC;3,2;1014;1014,9;1014;1578,3;28;22,2;28;23,6;24,1;20,4;90;66;71;252;5;1,1;
2022/01/25;1500 UTC;0;1013,9;1014,2;1013,9;2232,1;27,1;21;28,8;26,5;22,7;20,3;73;61;69;104;7,7;2,4;
2022/01/25;1600 UTC;0;1013,5;1013,9;1013,5;2558,3;28,2;21,5;28,3;27;21,8;20,2;72;64;67;106;6,7;2,9;
2022/01/25;1700 UTC;0;1013,2;1013,5;1013,2;2139,5;26,5;20,9;28,8;26;22,3;19,9;78;61;72;105;6,6;2,2;
2022/01/25;1800 UTC;0;1012,6;1013,2;1012,6;1966,4;27,9;19,8;28,2;26,4;21,5;19,8;73;61;61;110;4,6;1,9;
2022/01/25;1900 UTC;0;1012,2;1012,6;1012;1884,9;27,7;20;29,1;27,6;20,5;19,4;63;58;63;113;4,5;2,2;
2022/01/25;2000 UTC;0;1012,1;1012,3;1011,9;1114,8;27,9;21;28;27,1;21,1;20,1;68;63;66;98;4,8;1,5;
2022/01/25;2100 UTC;0;1012,5;1012,5;1012,1;339,6;26,4;21,5;27,9;26,4;21,5;20,7;75;66;74;92;5,5;2,1;
2022/01/25;2200 UTC;0;1012,8;1012,9;1012,5;14;25,6;21,4;26,4;25,6;21,5;21,4;78;74;78;27;4,7;,9;
2022/01/25;2300 UTC;0;1013,2;1013,3;1012,8;;24,3;21,8;25,8;24,3;21,8;21,4;86;78;86;349;2,8;,5;
2022/01/26;0000 UTC;0;1013,8;1013,8;1013,2;;24,9;22,4;24,9;24,1;22,4;21,8;88;86;86;11;2,4;1;
2022/01/26;0100 UTC;0;1014,3;1014,4;1013,9;;24;21,7;25,2;24;22,3;21,5;87;82;87;352;3,8;,6;
2022/01/26;0200 UTC;0;1013,4;1014,3;1013,1;;23,6;22,1;24;23,5;22,2;21,6;91;87;91;316;3,4;1;
2022/01/26;0300 UTC;0;1013,5;1013,6;1013,3;;23,2;21,9;23,6;23,2;22;21,8;92;91;92;252;2,3;,5;
2022/01/26;0400 UTC;0;1013,7;1013,9;1013,3;;23,6;22,4;23,6;22,8;22,4;21,6;93;92;93;71;3;1,3;
2022/01/26;0500 UTC;0;1013,2;1013,7;1013,2;;23,9;21,6;24,2;23,6;22,7;21,6;93;87;87;2;3;,9;
2022/01/26;0600 UTC;0;1012,1;1013,2;1011,9;;23,6;21,2;23,9;23,3;21,5;21,2;89;86;86;297;5,3;1,8;
2022/01/26;0700 UTC;0;1012,9;1013;1012,1;;23,8;20,5;23,8;23,3;21,2;20,5;87;82;82;323;4,5;1,3;
2022/01/26;0800 UTC;0;1013,6;1013,6;1012,8;;24,5;20,8;24,5;23,5;20,8;20,4;84;80;80;27;3,8;1,4;
2022/01/26;0900 UTC;0;1014;1014,1;1013,6;9;24,4;21;24,7;24,4;21;20,6;81;78;81;13;5;1,5;
2022/01/26;1000 UTC;0;1014,6;1014,6;1013,9;223,8;25,3;21,6;25,3;24,4;21,6;20,8;82;80;80;306;4,5;1;
2022/01/26;1100 UTC;0;1015;1015,1;1014,4;912,2;27,5;21,4;27,9;25,3;22,2;21,2;80;68;69;326;5,5;2,1;
2022/01/26;1200 UTC;0;1015,8;1015,9;1015;473,8;24,1;19,3;27,5;24,1;21,5;19;76;69;75;4;10,1;2,8;
2022/01/26;1300 UTC;0;1015,7;1015,9;1015,6;376,4;23,4;19,6;24,2;23,2;20,6;19;84;73;79;306;12,2;2,5;
2022/01/26;1400 UTC;,4;1016,3;1016,3;1015,7;836,9;25,1;20,4;25,1;23,1;21,4;19,6;85;75;75;346;6,4;1,6;
2022/01/26;1500 UTC;0;1015,8;1016,4;1015,8;1835,5;28,1;20,4;28,1;25,1;21,1;19,5;75;63;63;330;6,3;2;
2022/01/26;1600 UTC;0;1014,7;1015,8;1014,7;1642,9;28,4;19,3;28,5;27,4;21;18,3;65;55;58;338;8,8;2,2;
2022/01/26;1700 UTC;0;1012,8;1014,6;1012,8;3112,2;31,9;19,2;31,9;28,4;20,3;18,4;58;47;47;344;6,4;1,9;
2022/01/26;1800 UTC;,2;1012,3;1012,8;1012;2484,8;29,5;19,3;32,1;29,5;19,7;17;55;42;54;39;8,1;2,8;
2022/01/26;1900 UTC;0;1011,2;1012,4;1011,2;1187,4;27,6;20,1;29,4;26,4;20,2;19,2;67;55;64;30;8,2;2,6;
2022/01/26;2000 UTC;0;1011,1;1011,2;1011,1;1292,6;27,2;19,8;28,4;27,2;20,3;19,7;64;60;64;41;6,7;2,8;
2022/01/26;2100 UTC;0;1011,6;1011,7;1011,1;263,3;26,2;20,1;27,2;26,2;20,2;19,7;69;64;69;25;8,2;2,6;
2022/01/26;2200 UTC;0;1012,6;1012,6;1011,6;14,4;25,3;20,2;26,2;25,2;20,2;20;74;69;73;26;5,5;2;
2022/01/26;2300 UTC;0;1013,4;1013,4;1012,6;;24,7;19,2;25,3;24,6;20,2;19,2;73;71;72;24;5,5;1,8;
2022/01/27;0000 UTC;0;1014,2;1014,2;1013,4;;24,1;19,5;24,8;23,8;19,6;19,2;77;71;76;24;4,9;1,3;
2022/01/27;0100 UTC;0;1013,9;1014,2;1013,8;;24,5;19,3;24,7;24;19,7;19,2;76;72;73;23;6;2;
2022/01/27;0200 UTC;0;1013,5;1013,9;1013,5;;22,8;19,1;24,5;22,8;19,4;19;79;73;79;295;4,8;,4;
2022/01/27;0300 UTC;0;1013,3;1013,6;1013,3;;22;19,9;22,8;21,7;20;19,1;88;79;88;311;2,4;1,1;
2022/01/27;0400 UTC;0;1012,7;1013,3;1012,7;;22,1;19,7;22,5;22;20,2;19,7;88;86;86;343;3,6;,4;
2022/01/27;0500 UTC;0;1012,6;1012,8;1012,6;;22,6;19,7;22,7;21,8;20,1;19,6;88;84;84;316;3,7;1,6;
2022/01/27;0600 UTC;0;1012,4;1012,6;1012,3;;22,9;19,1;23,2;22,6;19,7;19,1;84;79;79;325;4;1,6;
2022/01/27;0700 UTC;0;1012,3;1012,4;1012,1;;22;19,2;22,9;22;19,3;19,1;84;79;84;333;3,4;1;
2022/01/27;0800 UTC;0;1012,4;1012,4;1012,2;;20,8;19,2;22;20,8;19,3;19,1;90;84;90;284;2,4;,5;
2022/01/27;0900 UTC;0;1012,8;1012,8;1012,3;76,7;21,7;20,2;21,7;20,6;20,3;19,2;92;90;91;201;1,1;,4;
2022/01/27;1000 UTC;0;1013,1;1013,1;1012,8;624,9;25,3;19,3;25,4;21,7;20,8;19,2;91;69;69;187;1,6;,6;
2022/01/27;1100 UTC;0;1013,1;1013,1;1012,9;1445,4;27,3;19,4;27,7;25,3;20,6;19;70;60;62;34;3,7;1,4;
2022/01/27;1200 UTC;0;1013,2;1013,2;1013,1;2312,7;29,9;18,7;30;27,4;20,7;18,5;62;51;51;18;4,5;2,1;
2022/01/27;1300 UTC;0;1012,6;1013,2;1012,6;3033,6;31,3;17,9;31,8;29,9;20,5;17,9;56;44;45;6;7;2,5;
2022/01/27;1400 UTC;0;1012;1012,7;1012;3544;32,5;18,6;32,5;31,3;19,7;18,1;49;44;44;6;7;2,6;
2022/01/27;1500 UTC;0;1011,3;1012,1;1011,3;3797,9;33,4;18,5;33,7;32;20,3;17,9;48;40;42;1;8;2,3;
2022/01/27;1600 UTC;0;1010,4;1011,3;1010,4;3678;33,9;18,9;34,1;32,8;20,4;17,7;46;39;41;359;7,7;2,7;
2022/01/27;1700 UTC;0;1009,6;1010,4;1009,6;3414;31,9;20,9;34,3;31,8;21;18,5;52;40;52;52;9,1;4;
2022/01/27;1800 UTC;0;1008,9;1009,6;1008,9;2926,3;31,1;21,1;32,3;30,9;21,7;20,4;56;51;55;45;9,7;3,6;
2022/01/27;1900 UTC;0;1008,6;1008,9;1008,6;2197,8;29,9;21,1;31,5;29,9;21,7;20,9;60;54;59;45;9,9;3,4;
2022/01/27;2000 UTC;0;1008,4;1008,6;1008,4;1341,8;29;21;29,9;29;21,6;20,8;62;60;62;29;10,3;3;
2022/01/27;2100 UTC;0;1008,8;1008,8;1008,4;316,3;27,7;20,9;29;27,7;21,2;20,6;67;61;67;22;10,4;2,6;
2022/01/27;2200 UTC;0;1009,2;1009,2;1008,8;9,9;26,6;21,5;27,7;26,6;21,5;20,8;74;66;74;5;9,5;2,1;
2022/01/27;2300 UTC;0;1010,2;1010,3;1009,2;;25,8;21,7;26,6;25,8;21,8;21,5;78;74;78;341;6,1;1,1;
2022/01/28;0000 UTC;0;1010,9;1011;1010,2;;26,5;21,4;26,6;25,7;21,9;21,3;79;73;74;8;8,7;2,7;
2022/01/28;0100 UTC;0;1011,3;1011,3;1010,9;;26,2;21,4;26,6;26,2;21,5;21,1;75;73;75;346;8,5;2,1;
2022/01/28;0200 UTC;0;1011,2;1011,4;1011,2;;25,8;21;26,3;25,8;21,5;21;76;73;75;334;7,1;1,3;
2022/01/28;0300 UTC;0;1011,1;1011,3;1011;;25,1;20,9;25,8;25,1;21,1;20,9;78;75;78;321;4,6;1,4;
2022/01/28;0400 UTC;0;1010,6;1011,1;1010,6;;24,6;21,2;25,1;24,3;21,3;20,9;82;78;81;346;4,1;1,1;
2022/01/28;0500 UTC;0;1010,1;1010,6;1010,1;;23,7;20,9;24,7;23,7;21,2;20,8;85;80;85;326;4,1;1;
2022/01/28;0600 UTC;0;1010;1010,2;1009,9;;23,5;20,9;24,1;23,5;21,4;20,9;86;84;85;340;3,5;,5;
2022/01/28;0700 UTC;0;1009,8;1010;1009,8;;24,3;20,8;24,3;23,2;21,3;20,8;88;81;81;329;5,1;1,8;
2022/01/28;0800 UTC;0;1010,2;1010,2;1009,8;;25,5;20,1;25,6;24,3;20,7;20;81;71;72;323;10;2,9;
2022/01/28;0900 UTC;0;1010,5;1010,5;1010,2;88,2;26,1;20,2;26,1;25,1;20,3;20;75;70;70;328;6,6;2,3;
2022/01/28;1000 UTC;0;1010,4;1010,6;1010,3;690;27,8;20,4;27,9;26,1;20,6;19,9;71;62;64;319;6;2,8;
2022/01/28;1100 UTC;0;1010,6;1010,6;1010,4;1504;29,6;20,2;29,7;27,8;20,9;19,9;64;57;57;327;7;2,1;
2022/01/28;1200 UTC;0;1010,5;1010,6;1010,4;2345,4;31,7;20,5;31,7;29,6;21,5;20;59;51;52;338;5,8;2;
2022/01/28;1300 UTC;0;1010,1;1010,5;1010,1;3028,8;33,5;21,3;33,5;31,3;21,5;19,6;54;46;49;316;5,8;2,6;
2022/01/28;1400 UTC;0;1009,3;1010,1;1009,3;3325,7;33,5;20,8;34,6;32,7;21,9;19,2;50;42;48;353;6,8;2,2;
2022/01/28;1500 UTC;0;1008,5;1009,3;1008,5;3290,4;33,9;19,8;34,5;33,4;21,4;19,6;47;42;43;3;7,2;2,2;
2022/01/28;1600 UTC;0;1007,8;1008,5;1007,8;3465,4;32,7;21,1;34,7;32,1;21,8;19,4;52;42;51;52;8,6;4;
2022/01/28;1700 UTC;;;;;;;;;;;;;;;;;;
2022/01/28;1800 UTC;0;1006,8;1007,3;1006,8;2860;31,2;22;32,3;30,7;22,4;21,1;58;54;58;37;11,3;4,2;
2022/01/28;1900 UTC;0;1006,3;1006,9;1006,3;2115,3;29,7;21,1;31,3;29,7;21,8;21,1;61;57;60;43;13;5;
2022/01/28;2000 UTC;0;1006,5;1006,6;1006,3;1250,2;29;21,6;29,9;28,9;21,7;20,9;65;59;64;40;13;3,6;
2022/01/28;2100 UTC;0;1007,4;1007,4;1006,5;283,1;27,7;21,7;29;27,7;21,9;21,5;70;64;70;33;9,1;2,8;
2022/01/28;2200 UTC;0;1008,8;1008,8;1007,4;4,5;26,8;21,8;27,7;26,8;22;21,6;75;70;74;13;8,4;1,7;
2022/01/28;2300 UTC;0;1009,8;1009,8;1008,8;;26,6;21,8;26,8;26,5;21,9;21,6;75;74;75;348;8,6;2,7;
2022/01/29;0000 UTC;0;1010,5;1010,5;1009,8;;26,1;21,9;26,6;26,1;22;21,8;78;75;77;338;6,3;1,2;
2022/01/29;0100 UTC;0;1010,7;1010,7;1010,5;;25,8;21,9;26,2;25,7;21,9;21,7;79;77;79;345;5,2;1,5;
2022/01/29;0200 UTC;0;1010,6;1010,8;1010,5;;25,5;20,6;26,1;25,5;21,9;20,6;79;74;75;334;5,2;1,2;
2022/01/29;0300 UTC;0;1009,8;1010,6;1009,8;;24,7;20,4;25,8;24,6;20,7;20,4;78;72;77;310;5;1,3;
2022/01/29;0400 UTC;0;1009,2;1009,8;1009,2;;24,1;20,6;24,8;24,1;20,8;20,2;81;77;81;331;3,1;,9;
2022/01/29;0500 UTC;0;1008,9;1009,2;1008,9;;25,1;20,7;25,1;23,5;20,9;20,5;83;77;77;25;5,3;2,1;
2022/01/29;0600 UTC;0;1008,7;1008,9;1008,6;;24,8;21,4;25,2;24,7;21,4;20,6;81;76;81;17;6,6;2,5;
2022/01/29;0700 UTC;0;1008,8;1008,9;1008,7;;23,8;21;24,8;23,7;21,4;20,9;85;81;85;314;6,2;1,6;
2022/01/29;0800 UTC;0;1009,4;1009,4;1008,8;;23,5;20,8;23,8;23,5;21;20,8;85;84;85;14;4,6;,9;
2022/01/29;0900 UTC;0;1010,3;1010,3;1009,4;67,6;24,1;20,7;24,1;23;21,1;20,6;87;82;82;1;2,6;,7;
2022/01/29;1000 UTC;0;1010,8;1010,9;1010,3;398,9;25,2;20,6;25,9;24,1;20,7;20,1;82;71;76;334;3,8;1,3;
2022/01/29;1100 UTC;0;1011;1011;1010,7;1175,4;28,8;21,4;28,8;25,2;21,6;20,6;76;64;64;349;4,3;1,4;
2022/01/29;1200 UTC;0;1010,9;1011,1;1010,9;2065,2;30,5;21,3;30,5;28,1;21,8;20,3;65;57;58;6;4,8;1,9;
2022/01/29;1300 UTC;0;1010,4;1010,9;1010,4;2969,1;32,2;19,9;32,4;29,9;21,5;19,7;59;48;48;359;5,8;1,9;
2022/01/29;1400 UTC;0;1009,8;1010,4;1009,8;3645,3;33,7;19,6;33,7;31,4;20,9;18,8;51;42;44;8;7,1;2,4;
2022/01/29;1500 UTC;0;1009,2;1009,8;1009,2;3837,2;33,2;21,4;33,9;32,7;21,4;18,7;50;41;50;40;9,6;3,2;
2022/01/29;1600 UTC;0;1008,7;1009,2;1008,7;3091,8;31,8;19,8;33,8;31,7;21;19,2;51;44;49;51;9,7;3,4;
2022/01/29;1700 UTC;0;1008;1008,7;1008;2841,7;32,6;19,9;33,5;31,8;21,1;19,4;51;45;47;56;10,3;3,9;
2022/01/29;1800 UTC;0;1007,5;1008;1007,4;2932,8;32;19,6;33,1;31,8;20,5;19,3;49;46;48;45;9,8;3,8;
2022/01/29;1900 UTC;0;1007,2;1007,6;1007,1;2189,5;30;21,1;32,2;30;21,1;19,4;59;47;59;37;9,5;3,2;
2022/01/29;2000 UTC;0;1007,6;1007,6;1007,2;1342,8;28,7;21,7;30,1;28,7;21,8;21;66;59;66;36;11,1;3,8;
2022/01/29;2100 UTC;0;1008,2;1008,2;1007,6;256,2;27,3;22,2;28,7;27,3;22,2;21,8;74;66;74;12;11,9;3,3;
2022/01/29;2200 UTC;0;1009,6;1009,6;1008,2;3,1;26,6;22,6;27,3;26,5;22,6;22,2;79;74;79;4;10,6;2,1;
2022/01/29;2300 UTC;0;1010,8;1010,8;1009,6;;26,6;22,4;26,8;26,5;22,6;22,4;79;77;78;354;6,3;1,3;
2022/01/30;0000 UTC;0;1011,6;1011,7;1010,8;;26;22,2;27,1;26;22,4;22,1;79;75;79;320;6;,9;
2022/01/30;0100 UTC;0;1011,9;1012;1011,6;;25,8;22;26,4;25,6;22,4;22;81;78;80;354;3,9;,9;
2022/01/30;0200 UTC;0;1011,7;1012;1011,7;;25,9;22,2;26;25,6;22,4;22;81;79;80;2;4,6;1,3;
2022/01/30;0300 UTC;0;1011,3;1011,7;1011,3;;24,5;22;25,9;24,5;22,2;21,8;86;80;86;21;4,1;,5;
2022/01/30;0400 UTC;0;1010,8;1011,3;1010,8;;24;21,9;24,8;24;22,4;21,9;88;86;88;320;2,5;,5;
2022/01/30;0500 UTC;0;1010,5;1010,8;1010,4;;23,4;22;24;23,3;22,1;21,8;92;88;92;322;1,3;,5;
2022/01/30;0600 UTC;0;1010,3;1010,5;1010,1;;23,1;21,9;23,4;23,1;22,1;21,9;93;92;93;294;1,3;,5;
2022/01/30;0700 UTC;0;1010,6;1010,6;1010,3;;23;21,9;23,3;23;22,2;21,9;93;93;93;318;1,1;,7;
2022/01/30;0800 UTC;0;1010,7;1010,7;1010,4;;23;21,9;23,4;23;22,3;21,9;94;93;94;78;1,3;,3;
2022/01/30;0900 UTC;0;1011,5;1011,5;1010,7;55,4;23,4;22,4;23,4;22,9;22,4;21,8;94;94;94;203;,9;,5;
2022/01/30;1000 UTC;0;1011,9;1011,9;1011,5;242,2;25,1;21,9;25,1;23,4;22,8;21,9;94;82;82;188;3,2;1,2;
2022/01/30;1100 UTC;0;1012,1;1012,1;1011,9;1078,4;26,9;21,3;27;25,1;22;21,1;82;71;71;78;3;1,4;
2022/01/30;1200 UTC;0;1012,3;1012,4;1012,1;2402;28,2;21,9;28,2;26,9;22,1;21,1;71;68;69;120;4,6;1,8;
2022/01/30;1300 UTC;0;1012,1;1012,4;1012,1;2974,5;29,2;22,6;29,3;27,7;23;21,7;72;67;67;114;3,6;1,7;
2022/01/30;1400 UTC;0;1011,5;1012,1;1011,5;3499,2;30,2;23,3;30,5;29;23,6;22,3;69;64;67;145;4,3;1,9;
2022/01/30;1500 UTC;0;1010,6;1011,5;1010,6;3764,5;32,6;23,2;33,3;30,2;24,1;22,7;67;56;58;63;5,9;3;
2022/01/30;1600 UTC;0;1009,6;1010,6;1009,6;3793,4;33,4;22,7;33,8;32,3;23,7;22,6;59;53;53;53;7;3,2;
2022/01/30;1700 UTC;0;1009,6;1009,8;1009,5;1296,6;30,6;21;34;30,6;23,4;21;58;52;57;65;8;2,4;
2022/01/30;1800 UTC;0;1010,2;1010,2;1009,6;186,9;28,7;21;30,7;28,7;21,2;20,2;64;56;63;342;6,6;,9;
2022/01/30;1900 UTC;0;1009,4;1010,3;1009;263,7;28,7;22;28,8;27,3;22,8;21;76;63;67;5;4,6;1,6;
2022/01/30;2000 UTC;0;1009,2;1009,6;1009;1135,8;27,5;22,3;28,7;27,5;23,3;21,9;75;67;73;275;4,2;1,9;
2022/01/30;2100 UTC;0;1009,8;1009,8;1009,1;263;26,9;21,9;27,6;26,9;22,7;21,7;76;71;74;314;4,2;1;
2022/01/30;2200 UTC;0;1010,9;1010,9;1009,8;6;26,6;20,9;26,9;26,3;22,1;20,9;77;70;71;27;3,5;,8;
2022/01/30;2300 UTC;0;1011,9;1011,9;1010,8;;25;21,7;26,9;25;21,7;21;82;71;82;310;3,9;,5;
2022/01/31;0000 UTC;0;1012,3;1012,3;1011,9;;24,7;22;25,2;24,7;22;21,7;85;82;85;342;1,3;,6;
2022/01/31;0100 UTC;0;1012,6;1012,6;1012,3;;26,8;22,5;26,9;24,6;23,2;22;87;77;77;28;5;1,5;
2022/01/31;0200 UTC;0;1012,4;1012,6;1012,4;;25,7;22,8;26,8;25,4;23;22,4;85;77;84;340;4;,9;
2022/01/31;0300 UTC;0;1012,1;1012,4;1012,1;;25,5;22,7;26,5;25,5;23,2;22,6;85;81;85;323;3,7;1;
2022/01/31;0400 UTC;0;1011,4;1012,2;1011,4;;25,3;23,1;25,6;25,2;23,1;22,7;88;85;88;126;3,1;,3;
2022/01/31;0500 UTC;0;1011;1011,4;1011;;25,1;23,2;25,3;25;23,2;23;90;88;90;326;1,7;,7;
2022/01/31;0600 UTC;0;1010,7;1011,1;1010,7;;25;22,9;25,6;25;23,5;22,9;90;87;88;336;3,9;,7;
2022/01/31;0700 UTC;0;1010,7;1010,8;1010,6;;24,6;23;25;24,6;23,1;22,9;91;88;91;323;2,6;,5;
2022/01/31;0800 UTC;0;1010,4;1010,7;1010,4;;25;22,9;25;24,5;23,4;22,9;92;88;88;357;3,8;1,2;
2022/01/31;0900 UTC;0;1011,1;1011,1;1010,3;68,6;25,5;22,8;25,5;24,8;22,8;22,6;88;85;85;339;4,5;1;
2022/01/31;1000 UTC;0;1011,8;1011,8;1011,1;517,8;27,8;22,7;27,9;25,6;23,2;22,6;85;73;74;353;3,4;,7;
2022/01/31;1100 UTC;0;1011,7;1012;1011,7;1136,6;28,7;22,5;29,2;27,1;23,4;22,3;78;68;69;353;3,1;1,3;
2022/01/31;1200 UTC;0;1011,7;1011,9;1011,7;2256,3;31,2;22,5;31,6;28,7;23,8;22,2;69;59;60;7;4,8;1,9;
2022/01/31;1300 UTC;0;1011,5;1011,8;1011,4;2708,5;33;23;33,3;31,2;23,9;22,3;63;55;56;358;6,2;1,7;
2022/01/31;1400 UTC;0;1010,9;1011,5;1010,9;2839,3;34,9;22,6;35;32,4;23,8;22,1;59;48;49;19;5,8;1,9;
2022/01/31;1500 UTC;0;1010,3;1010,9;1010,3;3627,6;34,5;22,2;35,2;33,6;23,1;21,5;52;46;49;57;7,7;3,3;
2022/01/31;1600 UTC;0;1009,5;1010,4;1009,5;3145,3;34,3;22,4;35,5;33,4;22,9;21,7;52;46;50;49;8,1;3,6;
2022/01/31;1700 UTC;0;1009;1009,5;1008,8;2512,6;31,1;23,8;34,6;31;23,8;21,8;65;49;65;36;8;3,6;
2022/01/31;1800 UTC;,2;1008,3;1009;1008,3;1339,5;29,2;23,9;31,3;28,5;24,4;23,1;76;63;73;22;8,1;3,2;
2022/01/31;1900 UTC;0;1008,5;1008,5;1007,7;1767,7;30,1;22,3;30,8;29,2;23,7;19,1;73;52;63;351;7,5;1,6;
2022/01/31;2000 UTC;0;1008,7;1008,8;1008,4;513,8;28,4;23,4;30,3;28,4;23,6;22,4;75;63;75;30;5,5;1,9;
2022/01/31;2100 UTC;,2;1009,6;1009,6;1008,7;64,4;26,8;24,3;28,4;26,6;24,4;23,5;88;75;86;256;4,2;1;
2022/01/31;2200 UTC;0;1010,6;1010,6;1009,6;1,9;26;22,6;26,8;25,8;24,4;22,5;88;79;82;282;3,4;1,1;
2022/01/31;2300 UTC;0;1012,1;1012,1;1010,6;;26,5;20,7;26,5;25,3;22,7;20,7;82;71;71;132;3,5;,9;
